SKU,Description,imgurl,productname
 AB02,"We are backed by a vast domain knowledge and immense technological expertise to offer an entire gamut of Cricket Balls including Dynamic Power Cricket Ball that is made from the finest grades of raw materials such as alum tanned leather that is water proof compressed leather. The leather is pre-stretched and robustly stitched with 80 stitches of pre-waxed twisted cotton thread. It has a new composite cork core that has a controlled bounce and offers perfect hardness. The ball is made in accordance with ICC/ MCC rules and regulations and is tested as well as approved by R &amp; D Center, Govt. of India.Features:   Perfect and robust stitch Flawless finish Other Information
			Pay Mode Terms: T/T (Bank Transfer)Delivery Time: depend on volume of the order
				",http://3.imimg.com/data3/FW/SN/MY-3458336/cricket-ball-bdm-dynamic-power-250x250.jpg,Dynamic Power Cricket Ball
 BG01,"We offer a wide spectrum of Cricket Batting Gloves including Cricket Batting Gloves BDM Terminator that is designed in accordance with the latest trends and manufactured with specially selected finest grades of ship skin and are provided with flexible flaps for added protection with comfort. These have a traditional slpit finger style and fiber stick insert to the first two fingers at the bottom of the hand with two piece thumb for unmatched comfort as well as flexibility.Features:  Highly comfortable Extreme flexibility Other Information
			Delivery Time: depend on volume of the order
				",http://3.imimg.com/data3/ON/TY/MY-3458336/cricket-batting-gloves-bdm-terminator-250x250.jpg,Cricket Batting Gloves BDM Terminator
 BG03,"We are presenting our valued clients a huge range of Cricket Batting Gloves including Dasher Batting Gloves that are designed in line with those being used by legends such as Sehwag himself. These have a soft feel and are remarkably safe with striking features. We use the finest grades of raw materials to manufacture these under stringent norms of quality and offer at industry leading prices to our clients.Features:  Seamless finish Outstanding safety Other Information
			Pay Mode Terms: T/T (Bank Transfer)Delivery Time: depend on volume of the order
				",http://3.imimg.com/data3/UA/JU/MY-3458336/cricket-batting-gloves-bdm-dasher-250x250.jpg,Dasher Batting Gloves
 BG13,"We are engaged in manufacture, supply, and export of an impressive gamut of Cricket Batting Pads such as Amazer Batting Gloves that is designed for supreme protection. These are traditional style pads with new look that are made from the finest supple leather palm that are pre molded and nylon gusseted for added comfort and protection. We offer these at very reasonable rates to our esteemed clients.Features:  Flawless finish Highly flexible Other Information
			Pay Mode Terms: T/T (Bank Transfer)Delivery Time: depend on volume of the order
				",http://2.imimg.com/data2/OP/PG/MY-3458336/cricket-batting-gloves-250x250.jpg,Amazer Batting Gloves
 BL01,"Our valued clients can avail of a supreme range of Cricket Batting Pad including Cricket Batting Pad Leg Guards BDM Titanium that is designed for assured safety with cloth cover padding and is molded for wider for seamless protection. We use the best grades of fabric and foam to manufacture these by using high end technologies. These are made under stringent norms of quality in accordance with well defined industry standards. Our esteemed patrons can avail these at very reasonable rates.Features:  Robust construction Lightweight and extra wide Other Information
			Pay Mode Terms: T/T (Bank Transfer)Delivery Time: depend on volume of the order
				",http://2.imimg.com/data2/UG/GV/MY-3458336/batting-legguards-titanium-250x250.jpg,Cricket Batting Leg Guards BDM Titanium
 BL03,"Our valued clients can avail a supreme array of Batting Pads such as Cricket Batting Pad BDM Dynamic Super that is ideal for all levels of senior club cricket. These ultra lightweight batting pads designed traditionally by using modern manufacturing techniques. For unmatched protection it is provided with dual section vertical bolsters and large cross bolster. It is pre-shaped for flexibility and comfort with internal foam crown. Our stringent quality norms ensure flawlessness of this award winning product that can be availed at reasonable prices by our clients.Features:  Extra protection and comfort Seamless performance Other Information
			Pay Mode Terms: T/T (Bank Transfer)Delivery Time: depend on volume of the order
				",http://3.imimg.com/data3/SE/TP/MY-3458336/cricket-batting-pad-bdm-dynamic-super-250x250.jpg,Cricket Batting Pad BDM Dynamic Super
 BL10,"Ort of an impressive gamut of Cricket Batting Pads such as Cricket Batting Pad BDM Commander that is designed for unmatched protection in club cricket. These are traditional style pads with two twin vertical bolsters and have two piece flexible knee rolls with large foam cross bolster for added protection. It has a durable instep and offers great value for money.Features:  Flawless finish Highly flexible Other Information
			Delivery Time: depend on volume of the order
				",http://3.imimg.com/data3/IH/FG/MY-3458336/cricket-batting-pad-bdm-commander-250x250.jpg,Cricket Batting Pad BDM Commander
 EN01,"Our valued clients are offered a broad gamut of Cricket Bats such as Dyna Drive Cricket Bat that is newly designed bat with traditional arc shape. These offer a fine pick up and outstanding balance for outstanding performance. We use cutting edge technologies to handcraft these bats in our modern facilities and follow rigid norms of quality in accordance with the international standards. Our esteemed customers can avail these at industry leading rates.Features:  Impeccable balance Easy pick up    Specifications:  Medium Weight: 2lb 10oz to 2lb 12 oz Heavy weight: 2lb 13oz to 2lb 14 oz Extra heavy weight: 2lb 15 oz to 3lb+     Other Information
			Pay Mode Terms: T/T (Bank Transfer)Delivery Time: depend on volume of the order
				",http://3.imimg.com/data3/BC/UY/MY-3458336/cricket-bat-bdm-dyna-drive-250x250.jpg,Dyna Drive Cricket Bat
 EN02,"Our prestigious clients are being offered a wide choice of Cricket Bats including Cricket Bat BDM Admiral” that is made from seasoned English Willow. It has power arc back with thick contoured edges and an extra swell behind the sweet spot. It perfectly balanced and provided with unique Shockabsorba grip. It has men’s size handle made from 9 piece imported cane for excellent feel, flex, and control and is available as medium, heavy and extra heavy at reasonable rates.Features:  Easy pick up Shock absorbing grip  Specifications:  Medium Weight: 2lb 10oz to 2lb 12 oz Heavy weight: 2lb 13oz to 2lb 14 oz Extra heavy weight: 2lb 15 oz to 3lb+ Other Information
			Delivery Time: depend on volume of the order
				",http://3.imimg.com/data3/IM/HM/MY-3458336/cricket-bat-bdm-admiral-250x250.jpg,Cricket Bat BDM Admiral
 EN04,"Of Cricket Bats that consists of Galaxy Plus Cricket Bat, handcrafted from naturally seasoned English Willow that is nurtured in India and has stylish designer back with incredible looks. We have used Powerarc Blade with thick and contoured edges. It allows easy pickup with a large swell behind the sweet spot. It has a short handle that is made from 9 piece imported cane handle for great feel, flex, and control. It has a unique Shockabsorba Grip that offers perfect balance.Features:  Impeccable balance Trendy looks  Specifications:  Medium Weight: 2lb 10oz to 2lb 12 oz Heavy weight: 2lb 13oz to 2lb 14 oz Extra heavy weight: 2lb 15 oz to 3lb+ Other Information
			Delivery Time: depend on volume of the order
				",http://3.imimg.com/data3/YH/YD/MY-3458336/cricket-bat-bdm-galaxy-plus-250x250.jpg,Galaxy Plus Cricket Bat
 EW01,"Of Cricket Bat such as Titanium Cricket Bat that is hand crafted by using exclusive UK home grown grade 1+ reserve that offers outstanding grain structure and short handle with larger sweet spot for added power in stroke. It has 12 piece cane handle for comfortable feel, flex as well as unmatched control. It is provided with carry case, toe guard, knocking and oiling and free anti scuff sheet. We maintain stringent quality standards and offer these at industry leading rates.Features:  Flawless and smooth finish Robust construction    Specifications:  Medium Weight: 2lb 10oz to 2lb 12 oz Heavy weight: 2lb 13oz to 2lb 14 oz Extra heavy weight: 2lb 15 oz to 3lb+     Other Information
			Pay Mode Terms: T/T (Bank Transfer)Delivery Time: depend on volume of the order
				",http://2.imimg.com/data2/FH/MG/MY-3458336/bdm_titanium-250x250.jpg,Titanium Cricket Bat
 EW06,"Offering a huge gamut of Cricket Bats including Dynamic Power Super Cricket Bat that is a traditional bat with new look and is shaped as the famous Asian Bow. It is handcrafted with impeccable weight redistribution system to offer great performance with superb pick. It is extensively preferred by leading batsmen of international level from all cricket playing nations. The bat is pre knocked for outstanding performance and is made from superior grades of unbleached naturally seasoned English Willow.Features:  Internationally acclaimed Seamless performance    Specifications:  Medium Weight: 2lb 10oz to 2lb 12 oz Heavy weight: 2lb 13oz to 2lb 14 oz Extra heavy weight: 2lb 15 oz to 3lb+     Other Information
			Pay Mode Terms: T/T (Bank Transfer)Delivery Time: depend on volume of the order
				",http://3.imimg.com/data3/RR/GD/MY-3458336/cricket-bat-bdm-dynamic-power-super-250x250.jpg,Dynamic Power Super Cricket Bat
 EW08,"Of manufacture, supply, and export of a huge assortment of Cricket Bats we are providing Cricket Bat BDM Amazer that is designed by focusing on current cricketing trends and requirements of professional players. These are made from select English Willow and have a larger sweet spot with fine redistribution of weight for seamless pick up with two files on the back of the bat. Our clients can avail these at reasonable price.Features:  Perfectly balanced Seamless performance    Specifications:  Medium Weight: 2lb 10oz to 2lb 12 oz Heavy weight: 2lb 13oz to 2lb 14 oz Extra heavy weight: 2lb 15 oz to 3lb+     Other Information
			Pay Mode Terms: T/T (Bank Transfer)Delivery Time: depend on volume of the order
				",http://3.imimg.com/data3/RU/GK/MY-3458336/cricket-bat-bdm-amazer-250x250.jpg,Cricket Bat BDM Amazer
 EW13,"Of Cricket Bats such as Cricket Bat BDM Sting that is designed for the new generation of players. These offer outstanding flexibility to the young players to explore their batting talents with ease and perfection. These are made from English Willow and have ideal redistribution of weight and a perfectly balanced pick up. We adhere to stringent quality norms that are in agreement with preset industry standards and offer these at very reasonable rates to our patrons.Features:  Outstanding pick up Fine redistribution of weight    Specifications:  Medium Weight: 2lb 10oz to 2lb 12 oz Heavy weight: 2lb 13oz to 2lb 14 oz Extra heavy weight: 2lb 15 oz to 3lb+     Other Information
			Delivery Time: depend on volume of the order
				",http://2.imimg.com/data2/SF/NG/MY-3458336/cricket-bat-sting-250x250.jpg,Cricket Bat BDM Sting
 EW16,"Our clients are being offered a broad gamut of Cricket Bats such as Dynamic Twenty-20 Cricket Bat that is handcrafted from test grade 1 English Willow and is heavier than the traditional bat. Its handle is made from cane and is suitable for spring feel flex with unmatched control on the game. It has arched blade with minimum 35 to 40mm thick edges made from 7+ straight grains and very light pick up. It is extensively used by international players for outstanding performance and is rigidly tested for flawlessness. Features:  Fitted with toe guard Pre knocked    Specifications:  Medium Weight: 2lb 10oz to 2lb 12 oz Heavy weight: 2lb 13oz to 2lb 14 oz Extra heavy weight: 2lb 15 oz to 3lb+     Other Information
			Pay Mode Terms: T/T (Bank Transfer)Delivery Time: depend on volume of the order
				",http://3.imimg.com/data3/RQ/XO/MY-3458336/cricket-bat-bdm-dynamic-twenty-20-250x250.jpg,Dynamic Twenty-20 Cricket Bat
 EW17,"O present a fine array of Cricket Bats including Cricket Bat BDM Force that is made from fine grade English Willow. It has power arc back with contoured edges with easy pick up and an extra bulge behind the sweet spot. It perfectly balanced and provided with unique shock absorbing aqua grip. It has men’s size short handle made from 12 piece cane for excellent flex and control and is available as medium, heavy and extra heavy as per the weight that ranges from 2 lb 10 oz to 3lb.Features:  Flawless finish Dependable performance  Specifications:  Medium Weight: 2lb 10oz to 3lb Other Information
			Pay Mode Terms: T/T (Bank Transfer)Delivery Time: depend on volume of the order
				",http://2.imimg.com/data2/QN/UE/MY-3458336/bdm-force-20-20-250x250.jpg,Cricket Bat BDM Force
 ST-2000,"On our profound domain knowledge we are providing a vast collection of Cricket Bats including Cricket Bat BDM Super Test that is made from fine grade English Willow. It has power arc back with contoured edges with easy pick up and an extra swell behind the sweet spot. It perfectly balanced and provided with unique shock absorbing grip. It has men’s size handle made from 9 piece imported cane for excellent flex and control and is available as medium, heavy and extra heavy as per the weight that ranges from 2lb 10 oz to 3lb. Our valued clients can avail these at reasonable rates.Features:  Weight finely redistributed Reliable performance  Specifications:  Medium Weight: 2lb 10oz to 2lb 12 oz Heavy weight: 2lb 13oz to 2lb 14 oz Extra heavy weight: 2lb 15 oz to 3lb+ Other Information
			Pay Mode Terms: T/T (Bank Transfer)Delivery Time: depend on volume of the order
				",http://3.imimg.com/data3/NF/EJ/MY-3458336/cricket-bat-bdm-super-test-2000-250x250.jpg,Cricket Bat BDM Super Test
 WG02,"Offer a premium range of Cricket Wicket Keeping Gloves including Dynamic Super Wicket Keeping Gloves that are made from the highest grades of selected leather. We have used high tech pimpled rubber for facing and designed in accordance with English Style Cut. We use cutting edge technologies to manufacture these and follow rigorous quality as well as ICC norms. These can be availed at reasonable rates.Features:  Perfect and comfort fit Robust stitching Other Information
			Delivery Time: depend on volume of the order
				",http://3.imimg.com/data3/EG/TO/MY-3458336/cricket-wicket-keeping-gloves-bdm-dynamic-super-250x250.jpg,Dynamic Super Wicket Keeping Gloves
 WG04,"Our esteemed clients can avail a premium array of Cricket Wicket Keeping Gloves such as Amazer Wicket Keeping Gloves. We have used specially selected and the highest grades of lather to produce these and also used round web and special high tech pimpled rubber for palms. These are manufactured in our state of the art facilities by using high end technologies and in accordance with ICC norms. These are fully leather lined with 2 net vents for professional cricketers.Features:  Vibrant colors Comfortable to wear Other Information
			Delivery Time: depend on volume of the order
				",http://3.imimg.com/data3/CF/OC/MY-3458336/cricket-wicket-keeping-gloves-bdm-amazer-250x250.jpg,Amazer Wicket Keeping Gloves
 WG05,"Offer a premium range of Cricket Wicket Keeping Gloves including Wicket Keeping Gloves that are made from the highest grades of selected leather. We have used high tech pimpled rubber for facing and designed in accordance with English Style Cut. We use cutting edge technologies to manufacture these and follow rigorous quality as well as ICC norms. These can be availed at reasonable rates.Features:  Perfect and comfort fit Robust stitching Other Information
			Pay Mode Terms: T/T (Bank Transfer)Delivery Time: depend on volume of the order
				",http://3.imimg.com/data3/AS/GB/MY-3458336/cricket-wicket-keeping-gloves-bdm-commander-250x250.jpg,Wicket Keeping Gloves
 WL02,"Ognized as one of the reputed manufacturers, suppliers, and exporters of Cricket Wicket Keeping Pad such as Wicket Keeping Pad. We use the finest grades of Polyurethane (PU) and other raw materials to manufacture these and provide double sponge for outstanding comfort. These have been designed in new look and are super-lite in weight. We maintain stringent grades of quality by adhering to well defined industry norms and offer these to our clients at industry leading prices.Features:  Light and sturdy in construction Flawless finish Other Information
			Delivery Time: depend on volume of the order
				",http://3.imimg.com/data3/NY/UT/MY-3458336/cricket-wicket-keeping-pad-bdm-dynamic-super-250x250.jpg,Wicket Keeping Pad
,"Avail from us good quality Cricket Batting Pad for Cricket Academy that are very comfortable and lightweight. Our cricket batting pads are manufactured from the high quality materials to assure high durability.Features:  Lightweight and sturdy design Flawless finish Other Information
			Delivery Time: depend on volume of the order
				",http://3.imimg.com/data3/IX/MY/MY-3458336/cricket-batting-pad-for-cricket-academy-250x250.jpg,Cricket Batting Pad for Cricket Academy
,"Backed by a sound industry knowledge and vast technological experience of manufacturing, supplying, and exporting a broad gamut of Cricket Batting Gloves we are offering our clients Aero Dynamic Wicket Keeping Gloves that is made from the finest selected sheep skin with flexible flap for added protection with the highest quality fittings to give all round comfort to the players. These are stringently tested for quality and offered at reasonable rates to our customers.Features:  Outstanding comfort Seamless finish Other Information
			Pay Mode Terms: T/T (Bank Transfer)Delivery Time: depend on volume of the order
				",http://2.imimg.com/data2/NB/IS/MY-3458336/cricket-wicket-keeping-gloves-bdm-dynamic-super-250x250.jpg,Aero Dynamic Wicket Keeping Gloves
,"Capitalizing on our rich vendor base, we are engaged in offering a distinguished range of Cricket Kit Bag to our loyal clients. These bags are made with quality raw material to ensure long lasting and sturdy nature. Our Kit bags are designed in conjunction with cricketers from the International Arena.Features:   Intact stitching   Stylish   Perfect finish   Specifications:  Made of Tetron Size: 34""x12""x12"" Other Information
			Delivery Time: depend on volume of the order
				",http://3.imimg.com/data3/VH/IF/MY-3458336/cricket-kit-bag-bdm-dynamic-power-250x250.jpg,Cricket Kit Bag
,"Counting on our in depth domain knowledge and vast industry experience we are manufacturing , supplying, and exporting a broad gamut of Cricket Balls including Ambassador Cricket Ball that is made by using the highest grades of Veg. Tanned Leather. These are having robust stitching for outstanding durability and consistent shape. Our state of the art facilities have ultra modern automatic machines to produce these balls with uncompromising precision of shape and size. These are subjected to stringent quality tests that are in accordance with laid down standard of the industry. We offer these at industry leading rates to our prestigious clients.Features:  Excellent performance Unmatched finish Other Information
			Delivery Time: depend on volume of the order
				",http://3.imimg.com/data3/LM/AS/MY-3458336/cricket-ball-bdm-ambassador-250x250.jpg,Ambassador Cricket Ball
,"Leveraging on our in depth domain knowledge and vast industry experience we are manufacturing , supplying, and exporting a broad gamut of Cricket Balls including Armstrong Cricket Ball that is made by using the highest grades of Veg. Tanned Leather. These are having robust stitching for unmatched durability and consistent shape. Our state of the art facilities have cutting edge automatic machines to produce these balls with unmatched precision of shape and size. These are subjected to rigorous quality tests that are in agreement with laid down standard of the industry. We offer these at industry leading rates to our patrons.Features:  Excellent performance Unmatched finish Other Information
			Delivery Time: depend on volume of the order
				",http://3.imimg.com/data3/IB/WS/MY-3458336/cricket-ball-bdm-armstrong-250x250.jpg,Armstrong Cricket Ball
,"Leveraging on our sound reputation of manufacturing, supplying, and exporting various cricket accessories we are offering Cricket Hat that is designed for seamless protection against dun light and made from the finest grades of canvas that are procured from trusted vendors. These hats are having classic style and stitched to perfection by our adept technicians. We maintain stringent norms of quality in accordance with industry standards and offer these at economical prices.Features:  Robust stitching Long service life Other Information
			Delivery Time: depend on volume of the order
				",http://3.imimg.com/data3/OG/DP/MY-3458336/cricket-hat-250x250.jpg,Cricket Hat
,"Our clients are being offered a wide array of Cricket Equipment by us. We source the finest grades of raw materials from established vendors and manufacture these by using cutting edge technologies. These are subjected to rigorous norms of quality that are in agreement with industry standards. These are designed as per ICC norms and offered at leading industry rates to our valued patrons.Features:  Long functional life Flawless finish Other Information
			Delivery Time: depend on volume of the order
				",http://3.imimg.com/data3/ER/YE/MY-3458336/cricket-equipment-250x250.jpg,Cricket Equipment
,"Our clients are being offered a wide array of Cricket Equipments by us that include Cricket Abdo Guard. We source the finest grades of raw materials from established vendors and manufacture these by using cutting edge technologies. These are subjected to rigorous norms of quality that are in agreement with industry standards. These are designed as per ICC norms and offered at leading industry rates to our valued patrons.Features:  Long functional life Flawless finish Other Information
			Pay Mode Terms: L/C (Letter of Credit)Delivery Time: depend on volume of the order
				",http://3.imimg.com/data3/IN/YJ/MY-3458336/cricket-abdo-guard-250x250.jpg,Cricket Abdo Guard
,"Our clients are being presented an amazing array of Sports Wear such as White Cricket Wear. These are designed for ultimate comfort and made by using the finest grades of cotton and other fabrics that are procured from the renowned vendors. We have state of the art facilities to produce these by using cutting edge technologies and ensure stringent norms of quality by adhering to set industry standards. These are available in various sizes and fittings as per requirements.Features:  Comfortable for daylong use Flawless finish Other Information
			Delivery Time: depend on volume of the order
				",http://3.imimg.com/data3/XS/DN/MY-3458336/cricket-whites-250x250.jpg,White Cricket Wear
,"Our customers can avail from us a quality range of Cricket Bat for Cricket Academy made from high grade wood. The bat blade comprises of finest quality willow and the handle is made by using high quality cane to provide best gripping experience.Features:  Impeccable balance Easy pick up Other Information
			Delivery Time: depend on volume of the order
				",http://3.imimg.com/data3/UK/EW/MY-3458336/cricket-bat-for-cricket-academy-250x250.jpg,Cricket Bat for Cricket Academy
,"Our esteemed clients are offered a wide array of Cricket Protective Equipment such as Cricket Chest Guard. We source the raw materials that are of impeccable quality from renowned vendors of the domain and produce these by using latest technologies. We offer an entire gamut of these including L Guard, Leg Pads, Thigh Guards, Chest Guards and so forth. Our quality standards are at par with laid down norms of the industry and these are followed strictly by us.Features:  Seamless protection Unmatched protection Other Information
			Delivery Time: depend on volume of the order
				",http://3.imimg.com/data3/WU/YP/MY-3458336/cricket-chest-guard-moulded-250x250.jpg,Cricket Chest Guard
,"Our esteemed clients can avail a premium array of Cricket Wicket Keeping Gloves such as Cricket Wicket Keeping Gloves. We have used specially selected and the highest grades of lather to produce these and also used round web and special high tech pimpled rubber for palms that are cut out with round cuff. These are manufactured in our state of the art facilities by using high end technologies and in accordance with ICC norms. Features:  Vibrant colors Comfortable to wear Fully leather lined Other Information
			Pay Mode Terms: T/T (Bank Transfer)Delivery Time: depend on volume of the order
				",http://3.imimg.com/data3/UH/CV/MY-3458336/cricket-wicket-keeping-gloves-bdm-admiral-250x250.jpg,Cricket Wicket Keeping Gloves
,"Our esteemed clients can avail a premium array of Cricket Wicket Keeping Gloves such as Dynamic Batting Gloves. We have used specially selected and the highest grades of lather to produce these and also used round web and special high tech pimpled rubber for palms. These are manufactured in our state of the art facilities by using high end technologies and in accordance with modified MCC norms. Features:  English style cut Comfortable to wear Other Information
			Pay Mode Terms: T/T (Bank Transfer)Delivery Time: depend on volume of the order
				",http://3.imimg.com/data3/TS/WV/MY-3458336/cricket-wicket-keeping-gloves-bdm-aero-dynamic-250x250.jpg,Dynamic Batting Gloves
,"Our esteemed clients can avail a premium array of Cricket Wicket Keeping Gloves such as Matador Wicket Keeping Gloves. We have used specially selected and the highest grades of lather to produce these and also used round web and special high tech pimpled rubber for palms. These are manufactured in our state of the art facilities by using high end technologies and in accordance with ICC norms. Features:  Vibrant colors Comfortable to wear Other Information
			Delivery Time: depend on volume of the order
				",http://2.imimg.com/data2/HD/CV/MY-3458336/wicket-keeping-gloves-matador-250x250.jpg,Matador Wicket Keeping Gloves
,"Our esteemed customers are offered an impressive gamut of Cricket Batting Pads such as Cricket Batting Pad BDM LE that is designed for unmatched protection and made by using the finest grades of ship skin and additional hard plastic inserts on every finger It has trendy looks and offers great value for money. It is provided with top quality and durable toweling wrist band and has unbeatable professional quality.Features:  Flawless finish Highly flexible  Other Information
			Pay Mode Terms: T/T (Bank Transfer)Delivery Time: depend on volume of the order
				",http://3.imimg.com/data3/GK/BX/MY-3458336/cricket-batting-gloves-bdm-le-250x250.jpg,Cricket Batting Gloves BDM LE
,"Our esteemed patrons are offered a huge gamut of Cricket Bats including English Willow Cricket Bat (BDM- LE) that is designed with minimal weight and huge profile. It has 30mm to 40mm edge that empowers the batsman with great power. We use limited G++ grades of English Willow that is naturally seasoned to manufacture these and design with large sweet spot for that extra stroke power. It has BDM Power Ark Blade with large edges and fitted with toe guard for added protection and has 12 piece swark cane handle for unmatched feel, flex, and control. Features:  Supreme balance and stroke Best value for money  Specification:  Size Super Heavy Weight 2lb 8oz to 2lb 14oz Other Information
			Delivery Time: depend on volume of the order
				",http://3.imimg.com/data3/EG/VA/MY-3458336/cricket-bat-bdm-le-250x250.jpg,English Willow Cricket Bat
,"Our impressive range of Cricket Batting Gloves includes premium variety such as Commander Batting Gloves that offers supreme protection and made by using pre bent tri flex fingers that are filled with high density foam and 2 piece thumb for absolute comfort and controlled grip. It is facilitated with air flow gussets for ventilation with a toweling inlay on the back of the hand to reduce sweating and absorb moisture. These are provided with additional lateral finger protection and premium quality leather palms.Features:  Unmatched comfort Seamless protection Other Information
			Pay Mode Terms: T/T (Bank Transfer)Delivery Time: depend on volume of the order
				",http://2.imimg.com/data2/NO/PN/MY-3458336/commander-250x250.jpg,Commander Batting Gloves
,"Our passion to offer a wide array of premium Cricket Balls to our esteemed clients has enabled us to present Four Piece Cricket Ball (BDM Aero Dynamic) that is made from the finest grades of “A” grade Alum Tanned Leather and other raw materials that are procured from the authorized vendors of the domain. We use cutting edge technologies and manufacture these balls with completely automatic process to ensure uniformity and perfection of shape and other dimensions. These have robust stitching and flawless finish. Our valued clients can avail these at reasonable rates.Features:  Dependable performance Outstanding finish Other Information
			Delivery Time: depend on volume of the order
				",http://3.imimg.com/data3/SN/SU/MY-3458336/cricket-ball-bdm-aero-dynamic-250x250.jpg,Four Piece Cricket Ball
,"Our passion to offer a wide array of premium Cricket Balls to our esteemed clients has enabled us to present Super Test Cricket Ball that is made from the finest grades of vegetarian leather and other raw materials that are procured from the authorized vendors of the domain. We use cutting edge technologies and manufacture these balls with completely automatic process to ensure uniformity and perfection of shape and other dimensions. These have robust stitching and flawless finish. Our valued clients can avail these at reasonable rates.Features:  Dependable performance Outstanding finish Other Information
			Delivery Time: depend on volume of the order
				",http://3.imimg.com/data3/ME/CE/MY-3458336/cricket-ball-bdm-super-test-250x250.jpg,Super Test Cricket Ball
,"Our prestigious clients are being offered a wide array of Cricket Batting Pad such as Cricket Batting Pad BDM Admiral that guarantees professional grade safety with 9 foam bar protection and 35 degree pre-curved hat. These are fitted with Pro-fibertec inserts creating additional anti shock protection. It offers wider leg protection with ankle and calf straps to prevent Achilles and calf muscle strains.  It facilitates extra comfort with Knee-flex design on middle knee roll as well as thread straps and it can be easily wiped clean. These pads have durable leather instep and can be availed at reasonable prices.Features:  Lightweight and sturdy design Flawless finish Other Information
			Pay Mode Terms: T/T (Bank Transfer)Delivery Time: depend on volume of the order
				",http://2.imimg.com/data2/HX/IG/MY-3458336/cr-bl-admiral-super-test-250x250.jpg,Cricket Batting Pad BDM Admiral
,"Our prestigious customers are being presented with a fine array of Cricket Batting Gloves including Titanium Batting Gloves that is designed in adherence with the latest trends and manufactured with specially selected finest grades of ship skin and are provided with flexible flaps for added protection with comfort. These have a traditional split finger style and fiber stick insert to the first two fingers at the bottom of the hand with two piece thumb for unmatched comfort as well as flexibility. These can be availed at reasonable prices.Features:  Extremely comfortable Remarkable flexibility Other Information
			Delivery Time: depend on volume of the order
				",http://2.imimg.com/data2/GL/CY/MY-3458336/cr-batting-gloves-titanium-250x250.jpg,Titanium Batting Gloves
,"Our reputation as one of the most trusted manufacturers, suppliers, and exporters of an impressive gamut of Cricket Batting Gloves has enabled us to offer Master Blaster Batting Gloves that is designed for seamless protection in club cricket. These are traditional style pads with nylon gusseted sides &amp; Velcro fasteners and have extra flap on first two fingers for added protection. Features:  Flawless finish Highly flexible Other Information
			Delivery Time: depend on volume of the order
				",http://3.imimg.com/data3/JU/BC/MY-3458336/cricket-batting-gloves-bdm-master-blaster-250x250.jpg,Master Blaster Batting Gloves
,"Our sound reputation as one of the most reputed manufacturers, suppliers, and exporters of a wide spectrum of Cricket Club Kit has enabled us to offer premium Cricket Kit Bag BDM Wheeler. These bags are made from the finest grades of materials such as Tetron and are provided with robust and heavy duty wheels for ease of transportation. These bags have durable and tough construction and can withstand very rough use also. These are subjected to stringent quality checks and offered in various specifications. Our prestigious clients can avail these at reasonable rates.Features:  Sturdy construction Robust stitching Other Information
			Delivery Time: depend on volume of the order
				",http://3.imimg.com/data3/KV/GF/MY-3458336/cricket-kit-bag-bdm-wheeler-250x250.jpg,Cricket Kit Bag BDM Wheeler
,"Our sound reputation of one of the foremost manufacturers, suppliers, and exporters of an huge gamut of Cricket Equipment has enabled us to offer as Cricket Cap. These are manufactured from the highest grades of raw materials in our state of the art manufacturing facilities by using cutting edge technologies. We strictly follow rigid norms of quality in accordance with well defined industry standards and offer a flawless range of these products to our valuable clients at reasonable prices.Features:  Seamless protection Long service life Other Information
			Delivery Time: depend on volume of the order
				",http://3.imimg.com/data3/OO/KQ/MY-3458336/cap-250x250.jpg,Cricket Cap
,"Our sound reputation of one of the foremost manufacturers, suppliers, and exporters of huge gamut of Cricket Equipments has enabled us to offer as Cricket Socks. These are manufactured from the highest grades of raw materials in our state of the art manufacturing facilities by using cutting edge technologies. We strictly follow rigid norms of quality in accordance with well defined industry standards and offer a flawless range of these products to our valuable clients at reasonable prices.Features:  Seamless protection Long service life Other Information
			Delivery Time: depend on volume of the order
				",http://3.imimg.com/data3/FF/XM/MY-3458336/socks-250x250.jpg,Cricket Socks
,"Our valued clients are being offered a wide choice of Cricket Bats including Terminator Cricket Bat that is made from grade 1 seasoned English Willow homegrown in UK. It has BDM Powerarc Blade with aerodynamic design and an extra swell behind the sweet spot. It perfectly balanced and provided with unique Shock Absorba Acttop Grip. It has top quality treble spring handle made from 12 straight grains for excellent feel, flex, and control. It is available as medium, heavy, and extra heavy with unbleached super smooth wax finish.Features:  Hand crafted Titanium Powerarc Blade  Specifications:  Medium Weight: 2lb 10oz to 2lb 12 oz Heavy weight: 2lb 13oz to 2lb 14 oz Extra heavy weight: 2lb 15 oz to 3lb+ Other Information
			Pay Mode Terms: T/T (Bank Transfer)Delivery Time: depend on volume of the order
				",http://2.imimg.com/data2/QF/JR/MY-3458336/terminator-2-250x250.jpg,Terminator Cricket Bat
,"Our valued clients can avail of a supreme range of Cricket Batting Pad including Cricket Batting Pad Legguards BDM Mansfield that is designed for assured safety and are super lightweight with 4 ribs made from the finest grades of PU and reinforced with fiber. We use the best grades of fabric and foam to manufacture these by using high end technologies. These are made under rigid standards of quality in accordance with well defined industry norms. Our esteemed patrons can avail these at very reasonable rates.Features:  Robust deign Center with Velcro straps Other Information
			Delivery Time: depend on volume of the order
				",http://3.imimg.com/data3/LR/KU/MY-3458336/cricket-batting-legguards-bdm-mansfield-250x250.jpg,Cricket Batting Legguards BDM Mansfield
,"Our valued clients can avail of a supreme range of Cricket Wicket Keeping Pad including Cricket Wicket keeping Pad BDM Armstrong that is designed for assured safety and are super lightweight with 7 cane ribs with horizontal bolsters and Velcro straps. These are made from the finest grades of PU and reinforced with fiber. We use the best grades of fabric and foam to manufacture these by using high end technologies. These are made under rigid standards of quality in accordance with well defined industry norms. Our esteemed patrons can avail these at very reasonable rates.Features:  Robust deign Center with Velcro straps Other Information
			Delivery Time: depend on volume of the order
				",http://3.imimg.com/data3/FJ/BN/MY-3458336/cricket-batting-legguards-bdm-armstrong-250x250.jpg,Cricket Wicket keeping Pad BDM Armstrong
,"Our wide array of Cricket Accessories consists of premium quality Cricket Helmet. We use the finest grades of raw materials and employ cutting edge technologies to manufacture these helmets. These are super lightweight and comfortable. These are highly impact resistant and offer seamless protection. Our products are highly acclaimed and extensively used by the leading names in the world of cricket on account of striking features. We offer these in different varieties to our valued clients.Features:  Robust and lightweight Long service life Other Information
			Pay Mode Terms: T/T (Bank Transfer)Delivery Time: depend on volume of the order
				",http://2.imimg.com/data2/OS/KA/MY-3458336/cricket-accessories-250x250.jpg,Cricket Helmet
,"To provide protection to the legs during the cricket match, we provide superior quality Cricket Batting Pad BDM Master Blaster. We use superior quality synthetic, wood and fiber for making these cricket batting pads. Our cricket pads have highly durable straps, good thickness and fine wax finish.Features:   Unmatched comfort   Light weight   Durability  Other Information
			Delivery Time: depend on volume of the order
				",http://3.imimg.com/data3/QN/AS/MY-3458336/cricket-batting-pad-bdm-master-blaster-250x250.jpg,Cricket Batting Pad BDM Master Blaster
,"We are a trusted name in manufacturing, supplying and exporting a broad spectrum of Cricket Ball for Cricket Academy. This ball is fabricated by our skilled experts using the finest quality factor inputs.Features:  Perfect and robust stitch Flawless finish Other Information
			Delivery Time: depend on volume of the order
				",http://3.imimg.com/data3/BT/UJ/MY-3458336/cricket-ball-for-cricket-academy-250x250.jpg,Cricket Ball for Cricket Academy
,"We are among the most trusted names in all Cricket Wicket Keeping Pad BDM Galaxy manufacturers. We manufacture our Wicket Keeping Pad using high quality material with immense care. Our cricket wicket keeping gloves come in an inimitable collection.Features:   Flat foam design for Superior protection  Easy wipe clean fronts Other Information
			Delivery Time: depend on volume of the order
				",http://3.imimg.com/data3/TI/VU/MY-3458336/cricket-wicket-keeping-pad-bdm-galaxy-250x250.jpg,Cricket Wicket Keeping Pad BDM Galaxy
,"We are backed by a vast domain knowledge and immense technological expertise to offer an entire gamut of Cricket Balls including White Cricket Ball that is made from the finest grades of raw materials such as alum tanned leather that is water proof compressed leather. The leather is pre-stretched and robustly stitched with 80 stitches of pre-waxed twisted cotton thread. It has a new composite cork core that has a controlled bounce and offers perfect hardness. Our cutting edge automation process ensures uniform pressure of 1400 lb uniformly to the compressed and stretched leather. The ball is made in accordance with ICC/ MCC rules, U-15, U-19, U22, Ranji Trophy regulations and is tested as well as approved by R &amp; D Center, Govt. of India.Features: 
Perfect and robust stitchFlawless finishOther Information
			Delivery Time: depend on volume of the order
				",http://3.imimg.com/data3/ND/XR/MY-3458336/white-cricket-ball-250x250.jpg,White Cricket Ball
,"We are backed by our immense domain knowledge to present a broad collection of Cricket Bat that includes Cricket Bat BDM Dynamic Power that is made from naturally seasoned English Willow and is one of the top line bats with power arc blade preferred by leading players for match play. It has a top grade Manau cane handle designed for feel, flex, and control and has an amazingly redistributed weight. It is ready to play since it is pre knocked for a fine performance and comes with full bat cover that is padded for protection.Features:  Toe guard to prevent wear and tear Pre-knocked Other Information
			Pay Mode Terms: T/T (Bank Transfer)Delivery Time: depend on volume of the order
				",http://2.imimg.com/data2/IF/PP/MY-3458336/bdm-dynamic-power-250x250.jpg,Cricket Bat BDM Dynamic Power
,"We are driven by a strong penchant to offer a wide array of premium Cricket Balls to our esteemed clients and we present Cricket Ball BDM Olympic that is made from the highest grades of vegetarian leather and other raw materials that are procured from the authorized vendors of the domain. We use cutting edge technologies and manufacture these balls with totally automatic process to ensure uniformity and perfection of shape and other dimensions. These have sturdy stitching and seamless finish. Our valued clients can avail these at reasonable rates.Features:  Dependable performance Outstanding finish Other Information
			Delivery Time: depend on volume of the order
				",http://3.imimg.com/data3/SM/VK/MY-3458336/cricket-ball-bdm-olympic-250x250.jpg,Cricket Ball BDM Olympic
,"We are engaged in manufacture, supply, and export of a wide array of Cricket Bats such as World Cup Cricket Bat that is made from the finest handpicked willow wood and is from our collection of Kashmir Willow. It has been designed for a perfect balance and the grip that offers outstanding feel, flex, and control. It perfectly contoured for fine performance and can be availed at reasonable rates by our prestigious clients.Features:  Light pick up Handcrafted Other Information
			Delivery Time: depend on volume of the order
				",http://3.imimg.com/data3/IB/WW/MY-3458336/cricket-bat-bdm-world-cup-250x250.jpg,World Cup Cricket Bat
,"We are highly regarded as one of the leading names in manufacture, supply, and export of a premium array of Cricket Equipments including Cricket Inner Gloves. These are extensively used by players and appreciated for comfort and protection. We use the finest grades of fabric and produce these by using high end technologies. These are available in various specifications at very attractive prices.Features:  Flawless finish Long service life Other Information
			Delivery Time: depend on volume of the order
				",http://3.imimg.com/data3/GV/WB/MY-3458336/cricket-inner-gloves-250x250.jpg,Cricket Inner Gloves
,"We are highly regarded as one of the most trusted manufacturers, suppliers, and exporters of a wide spectrum of Cricket Club Kit and are offering supreme Cricket Kit Bag BDM Dynamic Power. These bags are made from the best grades of materials such as Tetron and are sufficiently large to accommodate complete cricket kit to be carried to the venue. These bags have durable and tough construction and can withstand very rough use also. We ensure rigid levels if quality norms that are in accordance with international standards. Features:Features:  Robust construction Sturdy and durable stitching  Specification:  Size: 34” x 12” x 12” Other Information
			Delivery Time: depend on volume of the order
				",http://3.imimg.com/data3/YJ/EI/MY-3458336/cricket-kit-bag-bdm-dynamic-power-250x250.jpg,Cricket Kit Bag BDM Dynamic Power
,"We are offering a broad range of Cricket Bats such as Fire Cricket Bat that is made from the finest raw materials and has thick edges and bulge. This bat belongs to the Extra Thick Bulge &amp; Extra Thick Edges Bat Series that designed for supreme batting power. It has a well groomed handle that powers the batsman with added feel, flex, and control. It offers striking cosmetic looks. These are manufactured by following stringent quality controls and made by using cutting edge technologies. Features:  Seamless balance Outstanding stroke power Other Information
			Pay Mode Terms: T/T (Bank Transfer)Delivery Time: depend on volume of the order
				",http://2.imimg.com/data2/VF/RD/MY-3458336/fire-250x250.jpg,Fire Cricket Bat
,"We are offering a premium array of Cricket Accessories including Cricket Batting Pad that is designed for assured safety with 7 reinforced super-lite rib s and facing extra wider for seamless protection. These have double wings and a Velcro strap at centre for excellent hold. We use the best grades of fabric and foam to manufacture these by using high end technologies. These are made under stringent norms of quality in accordance with well defined industry norms. Our esteemed patrons can avail these at very reasonable rates.Features:  Robust construction Lightweight and extra wide Other Information
			Pay Mode Terms: T/T (Bank Transfer)Delivery Time: depend on volume of the order
				",http://2.imimg.com/data2/XP/SP/MY-3458336/cr-bl-aero-dynamic-250x250.jpg,Cricket Batting Pad
,"We are presenting a huge array of Cricket Wicket Pads that includes Cricket Wicket Keeping Pad BDM Admiral. These are made by using the best grades of Polyurethane in our state of the art manufacturing facilities by using high end technologies. Our stringent norms of quality are in line with the set standards of the industry. These pads are provided with double sponge bolsters for added protection and comfort. Our patrons can avail these at industry leading prices.Features:  Durable and lightweight Robust construction Other Information
			Delivery Time: depend on volume of the order
				",http://2.imimg.com/data2/NE/KM/MY-3458336/wicket-keeping-gloves-admiral-250x250.jpg,Cricket Wicket Keeping Pad BDM Admiral
,"We are presenting a vast array of premium Cricket Bats such as Sports Cricket Bat (Untamed). It is made by using very rare and the finest grade 1+ English Willow and has a short handle with Men’s size made from 8 to12 straight grains for remarkable feel, flex, and control. It has been provided with a larger sweet spot for added power to the stroke and is aero dynamically designed for flawless performance while playing strokes. It has BDM Power Ark Blade and is presented as un bleached, and wax polished for super smooth finish.Features:  Seamless stroke power Finely balanced  Specifications:  Medium Weight: 2lb 10oz to 2lb 12 oz Heavy weight: 2lb 13oz to 2lb 14 oz Men’s size made from 8 to12 straight Other Information
			Pay Mode Terms: T/T (Bank Transfer)Delivery Time: depend on volume of the order
				",http://2.imimg.com/data2/GA/YN/MY-3458336/untamed-250x250.jpg,Sports Cricket Bat
,"We are presenting a wide assortment of Cricket Bats such as Cricket Bat BDM Master Blaster. This is designed for all round hitting and has been provided with an extra large bulge at the back of the bat that is extended right up to the splice area to give an amazing hitting power for the batsman. These are extensively demanded in Asian markets and manufactured from selected mid grade English Willow and fitted with 9 ply round cane handle for a remarkable grip.Features:  Amazing hitting power Comes with toe guard and bat cover    Specifications:  Medium Weight: 2lb 10oz to 2lb 12 oz Heavy weight: 2lb 13oz to 2lb 14 oz Extra heavy weight: 2lb 15 oz to 3lb+   Other Information
			Delivery Time: depend on volume of the order
				",http://2.imimg.com/data2/FC/RC/MY-3458336/cricket-bat-master-blaster-250x250.jpg,Cricket Bat BDM Master Blaster
,"We are reckoned as foremost manufacturers, suppliers, and exporters of Cricket Batting Pad such as Cricket Batting Pad Leggguards (BDM Xplod Club) that guarantees professional grade safety with 9 foam bar protection and 35 degree pre-curved hat. These are fitted with Pro-fibertec inserts creating extra anti shock protection. It offers wider leg protection with ankle and calf straps to prevent Achilles and calf muscle strains. It facilitates extra comfort with Knee-flex design on middle knee roll as well as thread straps and it can be easily wiped clean. These pads have durable leather instep and we are offering these at industry leading rates.Features:  Unmatched protection and comfort Flawless finish Other Information
			Delivery Time: depend on volume of the order
				",http://3.imimg.com/data3/CE/XV/MY-3458336/cricket-batting-legguards-bdm-xplod-club-250x250.jpg,Cricket Batting Leg Guards
,"We are reckoned as one of the most established manufacturers, suppliers, and exporters of a wide array of Cricket Club Kit that consists of Cricket Club Kit BDM that is an exhaustive collection of cricket equipment to cater to the needs of team. These kits are complete sets of the necessary items such as Cricket Bat, Cricket Ball, Batting Pad, Batting, Gloves, Cricket Helmet, Gloves, Protection Equipment, and so forth. We produce these kits by using the best grades of raw materials and have been tested for quality stringently as per the set industry standards. Full Kit for Youngsters as special discount for Dealers, Clubs and Cricket Association for the Summer Cricket Camps Offer Valid till 15th April,2014Features:  Complete set Outstanding quality Other Information
			Delivery Time: depend on volume of the order
				",http://3.imimg.com/data3/FH/PW/MY-3458336/cricket-club-kit-bdm-250x250.jpg,Cricket Club Kit
,"We are reckoned as one of the most established manufacturers, suppliers, and exporters of Cricket Balls such as Amazer Cricket Ball that is made from the finest grades of Alum Tanned Leather. These are designed for superior performance and have sturdy construction. We have used state of the art technologies and manufactured these balls on automated machines by applying uniform pressure from all sides to prevent the leather from de-shaping and offer seamless circumference. These have robust stitching and the cups are cut on machines to maintain evenness. We practice rigid norms of quality to manufacture these balls in accordance with various standards of the industry and sports authorities.Features: 
Long functional lifeUniform shape and bounceOther Information
			Delivery Time: depend on volume of the order
				",http://2.imimg.com/data2/KY/FQ/MY-3458336/cricket-ball-bdm-admiral-250x250.jpg,Amazer Cricket Ball
,"We are reckoned as one of the most established manufacturers, suppliers, and exporters of Cricket Balls such as Bullet Cricket Ball that is made from vegetarian tanned leather. These are designed for superior performance and have sturdy construction. We have used state of the art technologies and manufactured these balls on automated machines by applying uniform pressure from all sides to prevent the leather from de-shaping and offer seamless circumference. These have robust stitching and the cups are cut on machines to maintain evenness. We practice rigid norms of quality to manufacture these balls in accordance with various standards of the industry and sports authorities.Features:  Long functional life Uniform shape and bounce Other Information
			Delivery Time: depend on volume of the order
				",http://3.imimg.com/data3/OI/NT/MY-3458336/cricket-ball-bdm-bullet-250x250.jpg,Bullet Cricket Ball
,"We are reckoned as one of the prominent manufacturers, suppliers, and exporters of an entire gamut of Cricket Batting Elbow Guard. These are manufactured from the highest grades of raw materials in our state of the art manufacturing facilities by using cutting edge technologies. We maintain rigid norms of quality in accordance with international standards and offer a flawless range of these products to our valuable clients at reasonable prices.Features:  Unmatched protection and comfort Long service life Other Information
			Delivery Time: depend on volume of the order
				",http://3.imimg.com/data3/PL/BL/MY-3458336/cricket-protective-equipment-250x250.jpg,Cricket Batting Elbow Guard
,"We are reckoned as one of the prominent manufacturers, suppliers, and exporters of an entire gamut of Cricket Equipments such BDM Bands. These are manufactured from the highest grades of raw materials in our state of the art manufacturing facilities by using cutting edge technologies. We maintain rigid norms of quality in accordance with international standards and offer a flawless range of these products to our valuable clients at reasonable prices.Features:  Unmatched comfort Long service life Other Information
			Delivery Time: depend on volume of the order
				",http://3.imimg.com/data3/CM/WU/MY-3458336/bdm-bands-250x250.jpg,BDM Bands
,"We are reckoned as one of the prominent manufacturers, suppliers, and exporters of an entire gamut of Cricket Equipments such Stress Reliever. These are manufactured from the highest grades of raw materials in our state of the art manufacturing facilities by using cutting edge technologies. We maintain rigid norms of quality in accordance with international standards and offer a flawless range of these products to our valuable clients at reasonable prices.Features:  Unmatched comfort Long service life Other Information
			Delivery Time: depend on volume of the order
				",http://3.imimg.com/data3/WY/YX/MY-3458336/stress-reliever-250x250.jpg,Stress Reliever
,"We are reckoned as one of the prominent manufacturers, suppliers, and exporters of an entire gamut of Cricket Thigh Guard. These are manufactured from the best grades of raw materials in our ultra modern production facilities by using high end technologies. We follow rigid norms of quality by adhering to set industry standards and offer a flawless range of these products to our valuable clients at industry leading prices.Features:  Remarkable comfort and protection Highly durable Other Information
			Delivery Time: depend on volume of the order
				",http://3.imimg.com/data3/NC/YP/MY-3458336/protective-equipment-250x250.jpg,Cricket Thigh Guard
,"We are recognized as one of the most reputed manufacturers, suppliers, and exporters of a wide range of Cricket Kit Bags including Cricket Kit Bag BDM Amazer. These bags are made from very tough materials such as Tetron and are provided with robust and heavy duty straps for ease of transportation. These bags have durable and tough construction and can endure very rough use also. These are subjected to very rigid quality checks and offered in various specifications. Our prestigious clients can avail these at economical rates.Features:  Robust stitching Multiple compartments  Specification:  Size: 35” x 14” x 11” Other Information
			Delivery Time: depend on volume of the order
				",http://3.imimg.com/data3/OT/KQ/MY-3458336/cricket-kit-bag-bdm-amazer-250x250.jpg,Cricket Kit Bag BDM Amazer
,"We are regarded as one of the foremost manufacturers, suppliers, and exporters of a huge gamut of Cricket Accessories such as Miniature Cricket Bat. These are in high demand due to their exact resemblance with the professional bats. Cricket fans use these bats to take autographs of their favorite cricketers and to keep them as mementos. We use cutting edge technologies to manufacture these bats in our state of the art facilities by following stringent norms of quality. Our esteemed clients can avail these at very reasonable rates.Features:  Flawless finish Highly durable Other Information
			Delivery Time: depend on volume of the order
				",http://3.imimg.com/data3/BN/XE/MY-3458336/miniature-cricket-bat-250x250.jpg,Miniature Cricket Bat
,"We are regarded as one of the most reputed manufacturers, suppliers, and exporters of a wide array of Cricket Balls such as Shooting Star Cricket Ball that is made from supreme grades of vegetarian tanned leather. These are crafted for outstanding performance and have robust construction. We have used high end technologies and manufactured these balls on automated machines by applying uniform pressure from all sides to prevent the leather from de-shaping and offer textbook circumference. These have tough stitching and the cups are cut on machines to maintain evenness. We practice rigid norms of quality to manufacture these balls in accordance with various standards of cricket authorities and the industry.Features:  Long functional life Uniform shape and bounce Other Information
			Delivery Time: depend on volume of the order
				",http://3.imimg.com/data3/OL/HX/MY-3458336/cricket-ball-bdm-shooting-star-250x250.jpg,Shooting Star Cricket Ball
,"We are the leading manufacturer and supplier of a wide range of Inner Supporters. This design is used by Professional Sports persons worldwide. Our range is available in different styles, colors and fabrics to impart grace to the look of the wearer.Features:  Comfortable Skin friendly Perfectly stitched Other Information
			Delivery Time: depend on volume of the order
				",http://3.imimg.com/data3/PT/LD/MY-3458336/cricket-supporters-250x250.jpg,Inner Supporters
,"We have gained a sound reputation as one of the most trusted manufacturers, suppliers, and exporters of a wide spectrum of Cricket Kit Bags and are offering supreme Professional Cricket Kit Bag. These bags are made from the best grades of materials such as Tetron and are sufficiently large to accommodate complete cricket kit to be carried to the venue. These bags have durable and tough construction and can withstand very rough use also. We ensure rigid levels if quality norms that are in accordance with international standards. Features:  Robust construction Sturdy and durable stitching  Specification:  Size: 36” x 16” x 16” Other Information
			Delivery Time: depend on volume of the order
				",http://3.imimg.com/data3/WP/MX/MY-3458336/cricket-kit-bag-bdm-club-master-250x250.jpg,Professional Cricket Kit Bag
,"We offer a premium range of Cricket Wicket Keeping Gloves including Armstrong Wicket Keeping Gloves that are made from the highest grades of selected sambar leather. We have used high tech pimpled rubber for facing and designed in accordance with English Style Cut. We use cutting edge technologies to manufacture these and follow rigorous quality as well as ICC norms. These can be availed at reasonable rates.Features:  Perfect and comfort fit Robust stitching Other Information
			Delivery Time: depend on volume of the order
				",http://2.imimg.com/data2/CB/GO/MY-3458336/wicket-keeping-gloves-armstrong-250x250.jpg,Armstrong Wicket Keeping Gloves
,"We offer a premium range of Cricket Wicket Keeping Gloves including Galaxy Wicket Keeping Gloves that are made from the highest grades of selected leather. We have used high tech pimpled rubber for facing and designed in accordance with English Style Cut. We use cutting edge technologies to manufacture these and follow rigorous quality as well as ICC norms. These can be availed at reasonable rates.Features:  Perfect and comfort fit Robust stitching Men’s Size for seniors Other Information
			Delivery Time: depend on volume of the order
				",http://3.imimg.com/data3/PQ/RP/MY-3458336/cricket-wicket-keeping-gloves-bdm-galaxy-250x250.jpg,Galaxy Wicket Keeping Gloves
