Item Type,Product ID,Product Name,Brand Name,Price,Retail Price,Sale Price,Product Description,Product Code/SKU,Bin Picking Number,Category,Option Set,Product Availability,Current Stock Level,Free Shipping,Sort Order,Meta Description,Page Title,Product Image Description - 1,Product Image Is Thumbnail - 1,Track Inventory,Product Image Sort - 1,Product Image Sort - 2,Product Image Sort - 3,Product Image Sort - 4,Product Image Sort - 5,Product Image Sort - 6,Product Image Sort - 7,Product Image Sort - 8,Product Image File - 1,Product Image File - 2,Product Image File - 3,Product Image File - 4,Product Image File - 5 ,Product Image File - 6,Product Image File - 7,Product Image File - 8
Product,,LEW Synthetic Leather Punching Bag Filled with Free Gloves,Lew,"5,999","5,999","2,975","<div class=""spec-body"">
		<ul class=""dtls-list clear"">
			<li class=""col-xs-12 dtls-li"">
					Training for the game of life</li>
			<li class=""col-xs-12 dtls-li"">
					Brand: LEW</li>
			<li class=""col-xs-12 dtls-li"">
					 Sport: Boxing</li>
			<li class=""col-xs-12 dtls-li"">
					 Product Type: Punching Bag</li>
			<li class=""col-xs-12 dtls-li"">
					 Filled with canvas cloth</li>
			<li class=""col-xs-12 dtls-li"">
					 Weight: 25 kgs(approx.)</li>
			<li class=""col-xs-12 dtls-li"">
					 Length: 4'(ft.)</li>
			<li class=""col-xs-12 dtls-li"">
					 Width: 18</li>
			<li class=""col-xs-12 dtls-li"">
					 Improves physical strength, aerobic fitness &amp; certain punching techniques</li>
			<li class=""col-xs-12 dtls-li"">
					 Resistant to wear &amp; tear</li>
			<li class=""col-xs-12 dtls-li"">
					 Hydraulically filled foam inners</li>
			<li class=""col-xs-12 dtls-li"">
					 Hanging chain is included in the package</li>
			<li class=""col-xs-12 dtls-li"">
					 Warranty: 3 months warranty on manufacturing defects</li>
			<li class=""col-xs-12 dtls-li"" id=""highlightSupc"">
					SUPC: SDL039169770</li>
			</ul>
	</div><div class=""spec-body"" itemprop=""description"">
		<div class=""detailssubbox"">
		     <table width=""100%"" border=""0"" cellspacing=""0"" cellpadding=""0"">
     </table></div>
	</div>",SDL039169770SNAPDEAL,SNAPDEAL,,LEW Synthetic Leather Punching Bag Filled with Free Gloves,Y,100,N,,Get your hands on the LEW Synthetic Leather Punching Bag Filled with Free Gloves. Buy it Online in India at LiveYourSport.com | Free Shipping and Massive Discounts,Buy the LEW Synthetic Leather Punching Bag Filled with Free Gloves Online in India at LiveYourSport.com | Free Shipping and Massive Discounts,Buy LEW Synthetic Leather Punching Bag Filled with Free Gloves Online in India at LiveYourSport.com | Free Shipping and Massive Discounts,Y,By Product,1,2,3,4,5,6,7,8
Product,,Ring Fight Pink  Hand Wrap (1 Pair),Ring Fight,800,800,189,"<div class=""spec-body"">
		<ul class=""dtls-list clear"">
			<li class=""col-xs-12 dtls-li"">
					Brand : Ring Fight</li>
			<li class=""col-xs-12 dtls-li"">
					 Product Type : Hand Wrap</li>
			<li class=""col-xs-12 dtls-li"">
					 Size : 180 Inches</li>
			<li class=""col-xs-12 dtls-li"">
					 Features : Maintain the alignment of the joints</li>
			<li class=""col-xs-12 dtls-li"">
					It is used to protect the hand and wrist against injuries induced by punching</li>
			<li class=""col-xs-12 dtls-li"">
					It is adjustable, long lasting and comes with velcro strap</li>
			<li class=""col-xs-12 dtls-li"" id=""highlightSupc"">
					SUPC: SDL907822277</li>
			</ul>
	</div><div class=""spec-body"">
		<div itemprop=""description"" class=""detailssubbox"">
			<p>
	Ring Fight offers this hand wrap to protect the hand and wrist against injuries induced by punching. Made of 100 percent cotton it is durable and comfortable to wear. It is adjustable and long lasting, comes with hook and loop Velcro protection.</p>
</div>
	</div>",SDL907822277SNAPDEAL,SNAPDEAL,,Ring Fight Pink  Hand Wrap (1 Pair),Y,100,N,,Get your hands on the Ring Fight Pink  Hand Wrap (1 Pair). Buy it Online in India at LiveYourSport.com | Free Shipping and Massive Discounts,Buy the Ring Fight Pink  Hand Wrap (1 Pair) Online in India at LiveYourSport.com | Free Shipping and Massive Discounts,Buy Ring Fight Pink  Hand Wrap (1 Pair) Online in India at LiveYourSport.com | Free Shipping and Massive Discounts,Y,By Product,1,2,3,4,5,6,7,8,http://n4.sdlcdn.com/imgs/a/3/v/Ring-Fight-Pink-138-Inch-SDL907822277-2-76452.jpg,http://n4.sdlcdn.com/imgs/a/3/v/Ring-Fight-Pink-138-Inch-SDL907822277-3-18f3e.jpg
Product,,Ring Fight Punching Pads,Ring Fight,"2,000","2,000",949,"<div class=""spec-body"">
		<ul class=""dtls-list clear"">
			<li class=""col-xs-12 dtls-li"">
					Gloves material : PU &amp; PVC</li>
			<li class=""col-xs-12 dtls-li"">
					 Color : Red &amp; White</li>
			<li class=""col-xs-12 dtls-li"" id=""highlightSupc"">
					SUPC: SDL344310843</li>
			</ul>
	</div><div class=""spec-body"">
		<div itemprop=""description"" class=""detailssubbox"">
			Turn on the heads with this absolute stylish pair of punching mitts that comes from the house of Ring Fight. So why to wait on, just grab this pair made up of PVC which increases the ability to throw stronger punches without hurting the hands. It is designed to protect the hands of the striker during a bout.</div>
	</div>",SDL344310843SNAPDEAL,SNAPDEAL,,Ring Fight Punching Pads,Y,100,N,,Get your hands on the Ring Fight Punching Pads. Buy it Online in India at LiveYourSport.com | Free Shipping and Massive Discounts,Buy the Ring Fight Punching Pads Online in India at LiveYourSport.com | Free Shipping and Massive Discounts,Buy Ring Fight Punching Pads Online in India at LiveYourSport.com | Free Shipping and Massive Discounts,Y,By Product,1,2,3,4,5,6,7,8
Product,,Swiss Pro 26 Kg Adjustable Rubber Dumbbells + Rubber Coated Dumbbells Rods + Leather Gym Gloves,Swiss Pro,"3,250","3,250","2,199","<div class=""spec-body"">
		<ul class=""dtls-list clear"">
			<li class=""col-xs-12 dtls-li"">
					Weight : 26KG</li>
			<li class=""col-xs-12 dtls-li"">
					 User Weight (Max Capacity) Kgs : 28 KG</li>
			<li class=""col-xs-12 dtls-li"">
					 User Weight : 26KG</li>
			<li class=""col-xs-12 dtls-li"">
					 User Manual : No</li>
			<li class=""col-xs-12 dtls-li"" id=""highlightSupc"">
					SUPC: SDL909532055</li>
			</ul>
	</div><div class=""spec-body"">
		<div itemprop=""description"" class=""detailssubbox"">
			Swiss Pro 26 Kg Adjustable Rubber Dumbells Set For Home Gym , 4Kg X 4 Pc Rubber Plates = 16 Kg , 2.5Kg X 4Pc = 10Kg Nett Weight 26 Kg ,Free Gym Gloves</div>
	</div>",SDL909532055SNAPDEAL,SNAPDEAL,,Swiss Pro 26 Kg Adjustable Rubber Dumbbells + Rubber Coated Dumbbells Rods + Leather Gym Gloves,Y,100,N,,Get your hands on the Swiss Pro 26 Kg Adjustable Rubber Dumbbells + Rubber Coated Dumbbells Rods + Leather Gym Gloves. Buy it Online in India at LiveYourSport.com | Free Shipping and Massive Discounts,Buy the Swiss Pro 26 Kg Adjustable Rubber Dumbbells + Rubber Coated Dumbbells Rods + Leather Gym Gloves Online in India at LiveYourSport.com | Free Shipping and Massive Discounts,Buy Swiss Pro 26 Kg Adjustable Rubber Dumbbells + Rubber Coated Dumbbells Rods + Leather Gym Gloves Online in India at LiveYourSport.com | Free Shipping and Massive Discounts,Y,By Product,1,2,3,4,5,6,7,8
Product,,Title Aerobic Boxing Gloves,Title,"1,299","1,299",445,"<div class=""spec-body"">
		<ul class=""dtls-list clear"">
			<li class=""col-xs-12 dtls-li"">
					Brand : Title</li>
			<li class=""col-xs-12 dtls-li"">
					 Size : 12 Oz</li>
			<li class=""col-xs-12 dtls-li"" id=""highlightSupc"">
					SUPC: SDL628540995</li>
			</ul>
	</div><div class=""spec-body"">
		<div itemprop=""description"" class=""detailssubbox"">
			Title signature fitness boxing gloves that have been a trusted training staple for more than a decade. Ideal for boxing, kickboxing and fitness class group workouts. Constructed of a durable double-ply cross-weave vinyl with a multi-ply, layered, shock absorbing sandwich foam for superior hand, wrist and knuckle protection. Extra wide wrap around hook-and-loop wrist closure for fast, convenient and secure fit.?</div>
	</div>",SDL628540995SNAPDEAL,SNAPDEAL,,Title Aerobic Boxing Gloves,Y,100,N,,Get your hands on the Title Aerobic Boxing Gloves. Buy it Online in India at LiveYourSport.com | Free Shipping and Massive Discounts,Buy the Title Aerobic Boxing Gloves Online in India at LiveYourSport.com | Free Shipping and Massive Discounts,Buy Title Aerobic Boxing Gloves Online in India at LiveYourSport.com | Free Shipping and Massive Discounts,Y,By Product,1,2,3,4,5,6,7,8
SKU,,[S]Option=12 Oz,,,,,,SDL628540995SNAPDEAL12 Oz,Snapdeal,,,,100,,
Product,,Everlast Prime Training Gloves,Everlast,"3,499","3,499","3,125","<div class=""spec-body"">
		<ul class=""dtls-list clear"">
			<li class=""col-xs-12 dtls-li"">
					Brand : Everlast</li>
			<li class=""col-xs-12 dtls-li"">
					 Product Type : Hand Gloves</li>
			<li class=""col-xs-12 dtls-li"">
					 Size : 14</li>
			<li class=""col-xs-12 dtls-li"" id=""highlightSupc"">
					SUPC: SDL684161967</li>
			</ul>
	</div><div class=""spec-body"">
		<div itemprop=""description"" class=""detailssubbox"">
			<p>
	Premium suede leather provides ultra-soft feel and long lasting durability. Firm, yet resilient foam padding contours to your hand for maximum cushioning and impact protection. ISOPLATE technology features vertically-oriented, foam-plated wrist construction that stabilizes and prevents hyperextension upon impact. Technology ISOPLATED Ever Cool Ever DRI Back-end hook &amp; loop wrist wrap closure stabilizes wrist for a comfortable and supportive fit. Ever dri wicking lining helps banish sweat to enhance durability.</p>
</div>
	</div>",SDL684161967SNAPDEAL,SNAPDEAL,,Everlast Prime Training Gloves,Y,100,N,,Get your hands on the Everlast Prime Training Gloves. Buy it Online in India at LiveYourSport.com | Free Shipping and Massive Discounts,Buy the Everlast Prime Training Gloves Online in India at LiveYourSport.com | Free Shipping and Massive Discounts,Buy Everlast Prime Training Gloves Online in India at LiveYourSport.com | Free Shipping and Massive Discounts,Y,By Product,1,2,3,4,5,6,7,8
SKU,,[S]Option=14,,,,,,SDL684161967SNAPDEAL14,Snapdeal,,,,100,,
Product,,Lew Black Leather 7 Kgs Medicine Ball,Lew,"1,299","1,299",807,"<div class=""spec-body"">
		<ul class=""dtls-list clear"">
			<li class=""col-xs-12 dtls-li"">
					Brand : Lew</li>
			<li class=""col-xs-12 dtls-li"">
					 Product Type : Fitness Accessories</li>
			<li class=""col-xs-12 dtls-li"">
					 Size : 7kgs</li>
			<li class=""col-xs-12 dtls-li"">
					 Features : A top quality leather medicine ball for a perfect workout session</li>
			<li class=""col-xs-12 dtls-li"" id=""highlightSupc"">
					SUPC: SDL031889327</li>
			</ul>
	</div><div class=""spec-body"">
		<div itemprop=""description"" class=""detailssubbox"">
			Medicine Balls</div>
	</div>",SDL031889327SNAPDEAL,SNAPDEAL,,Lew Black Leather 7 Kgs Medicine Ball,Y,100,N,,Get your hands on the Lew Black Leather 7 Kgs Medicine Ball. Buy it Online in India at LiveYourSport.com | Free Shipping and Massive Discounts,Buy the Lew Black Leather 7 Kgs Medicine Ball Online in India at LiveYourSport.com | Free Shipping and Massive Discounts,Buy Lew Black Leather 7 Kgs Medicine Ball Online in India at LiveYourSport.com | Free Shipping and Massive Discounts,Y,By Product,1,2,3,4,5,6,7,8
SKU,,[S]Option=7kgs,,,,,,SDL031889327SNAPDEAL7kgs,Snapdeal,,,,100,,
Product,,Facto Power 3 In 1 Bench + Rubber Weight Plates 74 Kg. + Dumbell Rods + Curl Rod + Straight Rod + 2 Pair Locks + G.G + S.R,Facto Power,"14,798","14,798","6,933","<div class=""spec-body"">
		<ul class=""dtls-list clear"">
			<li class=""col-xs-12 dtls-li"">
					Brand : FACTO POWER</li>
			<li class=""col-xs-12 dtls-li"">
					  Bench : 3 in 1</li>
			<li class=""col-xs-12 dtls-li"">
					  Appropriate For : Incline / Decline and Flat Excercises</li>
			<li class=""col-xs-12 dtls-li"">
					  Weight Plates : Rubber 74 Kg. ( 10 Kg. X 2 = 20 Kg. + 5 Kg. X 6 = 30 Kg. + 4 Kg. X 4 = 16 Kg. + 2 Kg. X 4 = 8 Kg.)</li>
			<li class=""col-xs-12 dtls-li"">
					  Dumbell Rods : 14"" (23 MM) with Grip</li>
			<li class=""col-xs-12 dtls-li"">
					  Curl Rod : 3 Feet (21 mm)</li>
			<li class=""col-xs-12 dtls-li"">
					  Straight Rod : 5 Feet (21 MM)</li>
			<li class=""col-xs-12 dtls-li"">
					  Rod Locks : 2 Pair For 3 Feet Curl Rod and 5 Feet Straight Rod</li>
			<li class=""col-xs-12 dtls-li"">
					  Gym Gloves with Wrist Support</li>
			<li class=""col-xs-12 dtls-li"">
					  3 MM Adjustable Skipping Rope</li>
			<li class=""col-xs-12 dtls-li"" id=""highlightSupc"">
					SUPC: SDL444492494</li>
			</ul>
	</div><div class=""spec-body"">
		<div itemprop=""description"" class=""detailssubbox"">
			Brand : FACTO POWER, Bench : 3 in 1, Appropriate For : Incline / Decline and Flat Excercises, Weight Plates : Rubber 74 Kg. ( 10 Kg. X 2 = 20 Kg. + 5 Kg. X 6 = 30 Kg. + 4 Kg. X 4 = 16 Kg. + 2 Kg. X 4 = 8 Kg.), Dumbell Rods : 14 (23 MM) with Grip, Curl Rod : 3 Feet (21 mm), Straight Rod : 5 Feet (21 MM), Rod Locks : 2 Pair For 3 Feet Curl Rod and 5 Feet Straight Rod, Gym Gloves with Wrist Support, 3 MM Adjustable Skipping Rope</div>
	</div>",SDL444492494SNAPDEAL,SNAPDEAL,,Facto Power 3 In 1 Bench + Rubber Weight Plates 74 Kg. + Dumbell Rods + Curl Rod + Straight Rod + 2 Pair Locks + G.G + S.R,Y,100,N,,Get your hands on the Facto Power 3 In 1 Bench + Rubber Weight Plates 74 Kg. + Dumbell Rods + Curl Rod + Straight Rod + 2 Pair Locks + G.G + S.R. Buy it Online in India at LiveYourSport.com | Free Shipping and Massive Discounts,Buy the Facto Power 3 In 1 Bench + Rubber Weight Plates 74 Kg. + Dumbell Rods + Curl Rod + Straight Rod + 2 Pair Locks + G.G + S.R Online in India at LiveYourSport.com | Free Shipping and Massive Discounts,Buy Facto Power 3 In 1 Bench + Rubber Weight Plates 74 Kg. + Dumbell Rods + Curl Rod + Straight Rod + 2 Pair Locks + G.G + S.R Online in India at LiveYourSport.com | Free Shipping and Massive Discounts,Y,By Product,1,2,3,4,5,6,7,8
Product,,Everlast Pro Style Training Gloves  Size -16oz  Color-Blue,Everlast,"1,499","1,499","1,499","<div class=""spec-body"">
		<ul class=""dtls-list clear"">
			<li class=""col-xs-12 dtls-li"">
					Brand : Everlast</li>
			<li class=""col-xs-12 dtls-li"">
					 Product Type : Pro Style Training Gloves</li>
			<li class=""col-xs-12 dtls-li"">
					 Size : 16oz</li>
			<li class=""col-xs-12 dtls-li"">
					 Features : Ideal for sparring, heavy bag workouts, and mitt work</li>
			<li class=""col-xs-12 dtls-li"">
					Highly durable</li>
			<li class=""col-xs-12 dtls-li"">
					Designed for optimum training</li>
			<li class=""col-xs-12 dtls-li"">
					Promote proper punching technique because they are conformed to the natural shape of your fist</li>
			<li class=""col-xs-12 dtls-li"">
					Dense, innovative two-layer foam for better shock absorbency and full padding on the front, back and wrist to promote proper punching technique.</li>
			<li class=""col-xs-12 dtls-li"">
					 Others : Extremely comfortable</li>
			<li class=""col-xs-12 dtls-li"">
					These gloves also utilize our exclusive ThumbLok feature for added safety</li>
			<li class=""col-xs-12 dtls-li"">
					Choose from traditional laceup or hook-and-loop wrist strap for quick on and off</li>
			<li class=""col-xs-12 dtls-li"" id=""highlightSupc"">
					SUPC: SDL469892600</li>
			</ul>
	</div><div class=""spec-body"">
		<div itemprop=""description"" class=""detailssubbox"">
			You will always win in boxing as wear this pair of training gloves that is brought to you by Everlast a well known brand Everlast. Made from fine material, the full padding on the back and front of wrist to promote proper punching technique. The product comes with a hook and loop wrist closure which makes it an essential for you.</div>
	</div>",SDL469892600SNAPDEAL,SNAPDEAL,,Everlast Pro Style Training Gloves  Size -16oz  Color-Blue,Y,100,N,,Get your hands on the Everlast Pro Style Training Gloves  Size -16oz  Color-Blue. Buy it Online in India at LiveYourSport.com | Free Shipping and Massive Discounts,Buy the Everlast Pro Style Training Gloves  Size -16oz  Color-Blue Online in India at LiveYourSport.com | Free Shipping and Massive Discounts,Buy Everlast Pro Style Training Gloves  Size -16oz  Color-Blue Online in India at LiveYourSport.com | Free Shipping and Massive Discounts,Y,By Product,1,2,3,4,5,6,7,8
SKU,,[S]Option=14oz,,,,,,SDL469892600SNAPDEAL14oz,Snapdeal,,,,100,,
SKU,,[S]Option=12oz,,,,,,SDL469892600SNAPDEAL12oz,Snapdeal,,,,100,,
SKU,,[S]Option=16oz,,,,,,SDL469892600SNAPDEAL16oz,Snapdeal,,,,100,,
SKU,,[S]Option=8oz,,,,,,SDL469892600SNAPDEAL8oz,Snapdeal,,,,100,,
SKU,,[S]Option=10oz,,,,,,SDL469892600SNAPDEAL10oz,Snapdeal,,,,100,,
Product,,Everlast Prime Training Gloves,Everlast,"3,499","3,499","2,567","<div class=""spec-body"">
		<ul class=""dtls-list clear"">
			<li class=""col-xs-12 dtls-li"">
					Brand : Everlast</li>
			<li class=""col-xs-12 dtls-li"">
					 Product Type : Boxing Gloves</li>
			<li class=""col-xs-12 dtls-li"">
					 Size : 12 oz</li>
			<li class=""col-xs-12 dtls-li"">
					 Features : Premium suede leather provides ultra-soft feel and long lasting durability</li>
			<li class=""col-xs-12 dtls-li"">
					Firm, yet resilient foam padding contours to your hand for maximum cushioning and impact protection</li>
			<li class=""col-xs-12 dtls-li"">
					ISOPLATE technology features vertically-oriented, foam-plated wrist construction that stabilizes and prevents hyperextension upon impact</li>
			<li class=""col-xs-12 dtls-li"">
					Back-end hook &amp; loop wrist wrap closure stabilizes wrist for a comfortable and supportive fit</li>
			<li class=""col-xs-12 dtls-li"">
					Ever-Dri wicking lining helps banish sweat to enhance durability</li>
			<li class=""col-xs-12 dtls-li"">
					 Others : 1 Pair of gloves</li>
			<li class=""col-xs-12 dtls-li"" id=""highlightSupc"">
					SUPC: SDL219133246</li>
			</ul>
	</div><div class=""spec-body"">
		<div itemprop=""description"" class=""detailssubbox"">
			Buy quality boxing gloves from Everlast at Snapdeal, one of the leading online market places in India. Everlast has carved a niche for themselves by providing a wide variety of boxing accessories that are quite popular among the customers for great designs and quality. So, what are you waitign for? Place your order now!</div>
	</div>",SDL219133246SNAPDEAL,SNAPDEAL,,Everlast Prime Training Gloves,Y,100,N,,Get your hands on the Everlast Prime Training Gloves. Buy it Online in India at LiveYourSport.com | Free Shipping and Massive Discounts,Buy the Everlast Prime Training Gloves Online in India at LiveYourSport.com | Free Shipping and Massive Discounts,Buy Everlast Prime Training Gloves Online in India at LiveYourSport.com | Free Shipping and Massive Discounts,Y,By Product,1,2,3,4,5,6,7,8,http://n3.sdlcdn.com/imgs/a/t/b/Everlast-Prime-Training-Gloves-SDL031152882-2-14b10.jpg,http://n2.sdlcdn.com/imgs/a/t/b/Everlast-Prime-Training-Gloves-SDL031152882-3-e57cb.jpg
SKU,,[S]Option=12 oz,,,,,,SDL219133246SNAPDEAL12 oz,Snapdeal,,,,100,,
SKU,,[S]Option=14 oz,,,,,,SDL219133246SNAPDEAL14 oz,Snapdeal,,,,100,,
SKU,,[S]Option=16 oz,,,,,,SDL219133246SNAPDEAL16 oz,Snapdeal,,,,100,,
Product,,USI 12Oz Boxing- Sparring Gloves,USI,"2,870","2,870","2,399","<div class=""spec-body"">
		<ul class=""dtls-list clear"">
			<li class=""col-xs-12 dtls-li"">
					The brand that everyone knows and respects!</li>
			<li class=""col-xs-12 dtls-li"">
					Brand: USI</li>
			<li class=""col-xs-12 dtls-li"">
					 Type: Boxing/ Sparring Gloves</li>
			<li class=""col-xs-12 dtls-li"">
					 Colour/Design: Blue</li>
			<li class=""col-xs-12 dtls-li"">
					 Size/Dimensions/Ideal for: 12 Oz</li>
			<li class=""col-xs-12 dtls-li"">
					 Material: Top Grain Hide Leather</li>
			<li class=""col-xs-12 dtls-li"">
					 Made from high quality material</li>
			<li class=""col-xs-12 dtls-li"">
					 Long lasting product</li>
			<li class=""col-xs-12 dtls-li"">
					 Durable, easy to use, store</li>
			<li class=""col-xs-12 dtls-li"">
					 Delivers great performance</li>
			<li class=""col-xs-12 dtls-li"">
					 Recommended for sports lovers</li>
			<li class=""col-xs-12 dtls-li"">
					 Disclaimer: Product colour may slightly vary due to photographic lighting sources or your monitor settings</li>
			<li class=""col-xs-12 dtls-li"" id=""highlightSupc"">
					SUPC: SDL707433652</li>
			</ul>
	</div><div class=""spec-body"">
		<div itemprop=""description"" class=""detailssubbox"">
			USI is a renowned brand which provides all sorts of sports gear &amp; equipment, from shoes to racquets &amp; much more. They have been providing high quality gear &amp; equipment all over India. Thousands of upcoming sports persons use their products which reflect their reputation &amp; name.</div>
	</div>",SDL707433652SNAPDEAL,SNAPDEAL,,USI 12Oz Boxing- Sparring Gloves,Y,100,N,,Get your hands on the USI 12Oz Boxing- Sparring Gloves. Buy it Online in India at LiveYourSport.com | Free Shipping and Massive Discounts,Buy the USI 12Oz Boxing- Sparring Gloves Online in India at LiveYourSport.com | Free Shipping and Massive Discounts,Buy USI 12Oz Boxing- Sparring Gloves Online in India at LiveYourSport.com | Free Shipping and Massive Discounts,Y,By Product,1,2,3,4,5,6,7,8
SKU,,[S]Option=Blue,,,,,,SDL707433652SNAPDEALBlue,Snapdeal,,,,100,,
SKU,,[S]Option=Red,,,,,,SDL707433652SNAPDEALRed,Snapdeal,,,,100,,
Product,,Ring Fight Yellow  Hand Wrap (1 Pair),Ring Fight,800,800,189,"<div class=""spec-body"">
		<ul class=""dtls-list clear"">
			<li class=""col-xs-12 dtls-li"">
					Brand : Ring Fight</li>
			<li class=""col-xs-12 dtls-li"">
					 Product Type : Hand Wrap</li>
			<li class=""col-xs-12 dtls-li"">
					 Size : 180 Inches</li>
			<li class=""col-xs-12 dtls-li"">
					 Features : Maintain the alignment of the joints</li>
			<li class=""col-xs-12 dtls-li"">
					It is used to protect the hand and wrist against injuries induced by punching</li>
			<li class=""col-xs-12 dtls-li"">
					It is adjustable, long lasting and comes with velcro strap</li>
			<li class=""col-xs-12 dtls-li"" id=""highlightSupc"">
					SUPC: SDL907908950</li>
			</ul>
	</div><div class=""spec-body"">
		<div itemprop=""description"" class=""detailssubbox"">
			<p>
	Ring Fight offers this hand wrap to protect the hand and wrist against injuries induced by punching. Made of 100 percent cotton it is durable and comfortable to wear. It is adjustable and long lasting, comes with hook and loop Velcro protection.</p>
</div>
	</div>",SDL907908950SNAPDEAL,SNAPDEAL,,Ring Fight Yellow  Hand Wrap (1 Pair),Y,100,N,,Get your hands on the Ring Fight Yellow  Hand Wrap (1 Pair). Buy it Online in India at LiveYourSport.com | Free Shipping and Massive Discounts,Buy the Ring Fight Yellow  Hand Wrap (1 Pair) Online in India at LiveYourSport.com | Free Shipping and Massive Discounts,Buy Ring Fight Yellow  Hand Wrap (1 Pair) Online in India at LiveYourSport.com | Free Shipping and Massive Discounts,Y,By Product,1,2,3,4,5,6,7,8,http://n1.sdlcdn.com/imgs/a/3/v/Ring-Fight-Yellow-138-Inch-SDL907908950-2-de612.jpg,http://n3.sdlcdn.com/imgs/a/3/v/Ring-Fight-Yellow-138-Inch-SDL907908950-3-fda95.jpg
Product,,Lew Black Boxing Bag,Lew,"2,999","2,999","1,044","<div class=""spec-body"">
		<ul class=""dtls-list clear"">
			<li class=""col-xs-12 dtls-li"">
					Brand : Lew</li>
			<li class=""col-xs-12 dtls-li"">
					 Product Type : Punching Bag</li>
			<li class=""col-xs-12 dtls-li"">
					 Size : 29 Inch</li>
			<li class=""col-xs-12 dtls-li"">
					 Features : A top quality synthetic leather punching bag ideal for starters filled upto 10 kgs</li>
			<li class=""col-xs-12 dtls-li"">
					 Others : Black</li>
			<li class=""col-xs-12 dtls-li"" id=""highlightSupc"">
					SUPC: SDL038737853</li>
			</ul>
	</div><div class=""spec-body"">
		<div itemprop=""description"" class=""detailssubbox"">
			Punching Bag</div>
	</div>",SDL038737853SNAPDEAL,SNAPDEAL,,Lew Black Boxing Bag,Y,100,N,,Get your hands on the Lew Black Boxing Bag. Buy it Online in India at LiveYourSport.com | Free Shipping and Massive Discounts,Buy the Lew Black Boxing Bag Online in India at LiveYourSport.com | Free Shipping and Massive Discounts,Buy Lew Black Boxing Bag Online in India at LiveYourSport.com | Free Shipping and Massive Discounts,Y,By Product,1,2,3,4,5,6,7,8
SKU,,"[S]Option=29""",,,,,,"SDL038737853SNAPDEAL29""",Snapdeal,,,,100,,
Product,,Lew Synthetic Leather Punching Bag Filled With Free Gloves And Hand Wraps,Lew,"5,899","5,899","2,699","<div class=""spec-body"">
		<ul class=""dtls-list clear"">
			<li class=""col-xs-12 dtls-li"">
					Brand : Lew</li>
			<li class=""col-xs-12 dtls-li"">
					 Product Type : Punching Bag</li>
			<li class=""col-xs-12 dtls-li"">
					 Size : 36 Inch</li>
			<li class=""col-xs-12 dtls-li"">
					 Features : A top quality Synthetic Leather Punching Bag with free Gloves, chains and Hand Wraps</li>
			<li class=""col-xs-12 dtls-li"">
					 Others : Black</li>
			<li class=""col-xs-12 dtls-li"" id=""highlightSupc"">
					SUPC: SDL651035013</li>
			</ul>
	</div><div class=""spec-body"">
		<div itemprop=""description"" class=""detailssubbox"">
			Punching Bag</div>
	</div>",SDL651035013SNAPDEAL,SNAPDEAL,,Lew Synthetic Leather Punching Bag Filled With Free Gloves And Hand Wraps,Y,100,N,,Get your hands on the Lew Synthetic Leather Punching Bag Filled With Free Gloves And Hand Wraps. Buy it Online in India at LiveYourSport.com | Free Shipping and Massive Discounts,Buy the Lew Synthetic Leather Punching Bag Filled With Free Gloves And Hand Wraps Online in India at LiveYourSport.com | Free Shipping and Massive Discounts,Buy Lew Synthetic Leather Punching Bag Filled With Free Gloves And Hand Wraps Online in India at LiveYourSport.com | Free Shipping and Massive Discounts,Y,By Product,1,2,3,4,5,6,7,8
SKU,,"[S]Option=36""",,,,,,"SDL651035013SNAPDEAL36""",Snapdeal,,,,100,,
Product,,Hawk Boxing Glove (12 OZ Pair),Hawk,999,999,599,"<div class=""spec-body"">
		<ul class=""dtls-list clear"">
			<li class=""col-xs-12 dtls-li"">
					Training For The Game Of Life</li>
			<li class=""col-xs-12 dtls-li"">
					Brand: Hawk</li>
			<li class=""col-xs-12 dtls-li"">
					Brand: Hawk</li>
			<li class=""col-xs-12 dtls-li"">
					 Sport: Boxing</li>
			<li class=""col-xs-12 dtls-li"">
					 Weight: 340 gm</li>
			<li class=""col-xs-12 dtls-li"">
					 PVC Cover, Foam Padding</li>
			<li class=""col-xs-12 dtls-li"" id=""highlightSupc"">
					SUPC: 1523649</li>
			</ul>
	</div><div class=""spec-body"">
		<div itemprop=""description"" class=""detailssubbox"">
			<p class=""MsoNormal"">
	<span>PVC Cover, Foam Padding, Velcro Cuff.<p></p></span></p>
<p class=""MsoNormal"">
	<b><span>Please Note</span></b><span>:<p></p></span></p>
<p class=""MsoNormal"">
	<b><span>1</span></b><span>. Warranty: Manufacturer's repair/replacement warranty against stitching.<p></p></span></p>
<p class=""MsoNormal"">
	<b><span>2</span></b><span>. The color of this product is subject to availability and whichever is in stock will be shipped to you.<p></p></span></p>
<p class=""MsoNormal"">
	<b><span>3</span></b><span>. Only brand new and 100% genuine products are sold on Snapdeal. We take all efforts to ensure that information on this site is accurate. However, if you find any error please report to our customer care.<p></p></span></p>
<p class=""MsoNormal"">
	<b><span>4</span></b><span>. MRP on product may vary as per brand guidance and stock availability.<p></p></span></p>
<p class=""MsoNormal"">
	<b><span>5</span></b><span>. For warranty claims, brand visibility (sticker) should not be damaged.<p></p></span></p>
</div>
	</div>",1523649SNAPDEAL,SNAPDEAL,,Hawk Boxing Glove (12 OZ Pair),Y,100,N,,Get your hands on the Hawk Boxing Glove (12 OZ Pair). Buy it Online in India at LiveYourSport.com | Free Shipping and Massive Discounts,Buy the Hawk Boxing Glove (12 OZ Pair) Online in India at LiveYourSport.com | Free Shipping and Massive Discounts,Buy Hawk Boxing Glove (12 OZ Pair) Online in India at LiveYourSport.com | Free Shipping and Massive Discounts,Y,By Product,1,2,3,4,5,6,7,8
Product,,Lew Economy Synthetic Leather Punching Bag,Lew,"4,499","4,499","1,519","<div class=""spec-body"">
		<ul class=""dtls-list clear"">
			<li class=""col-xs-12 dtls-li"">
					Brand : Lew</li>
			<li class=""col-xs-12 dtls-li"">
					 Product Type : Punching Bag</li>
			<li class=""col-xs-12 dtls-li"">
					 Size : 36Inch</li>
			<li class=""col-xs-12 dtls-li"">
					 Features : An ideal Economical and Durable 36Inchsynthetic leather punching bag for light workout and training. weighs Appx 15kgs. Comes with Hanging Chains</li>
			<li class=""col-xs-12 dtls-li"" id=""highlightSupc"">
					SUPC: SDL184799018</li>
			</ul>
	</div><div class=""spec-body"">
		<div itemprop=""description"" class=""detailssubbox"">
			punching Bag</div>
	</div>",SDL184799018SNAPDEAL,SNAPDEAL,,Lew Economy Synthetic Leather Punching Bag,Y,100,N,,Get your hands on the Lew Economy Synthetic Leather Punching Bag. Buy it Online in India at LiveYourSport.com | Free Shipping and Massive Discounts,Buy the Lew Economy Synthetic Leather Punching Bag Online in India at LiveYourSport.com | Free Shipping and Massive Discounts,Buy Lew Economy Synthetic Leather Punching Bag Online in India at LiveYourSport.com | Free Shipping and Massive Discounts,Y,By Product,1,2,3,4,5,6,7,8
SKU,,"[S]Option=36""",,,,,,"SDL184799018SNAPDEAL36""",Snapdeal,,,,100,,
Product,,LEW Canvas Filled Punching Bag,Lew,"3,999","3,999","1,760","<div class=""spec-body"">
		<ul class=""dtls-list clear"">
			<li class=""col-xs-12 dtls-li"">
					Training for the game of life</li>
			<li class=""col-xs-12 dtls-li"">
					Brand: LEW</li>
			<li class=""col-xs-12 dtls-li"">
					 Sport: Boxing</li>
			<li class=""col-xs-12 dtls-li"">
					 Product Type: Punching Bag</li>
			<li class=""col-xs-12 dtls-li"">
					 Filled with canvas cloth</li>
			<li class=""col-xs-12 dtls-li"">
					 Weight: 25 kgs(approx.)</li>
			<li class=""col-xs-12 dtls-li"">
					 Length: 4'(ft.)</li>
			<li class=""col-xs-12 dtls-li"">
					 Width: 18""(inches)</li>
			<li class=""col-xs-12 dtls-li"">
					 Improves physical strength, aerobic fitness &amp; certain punching techniques</li>
			<li class=""col-xs-12 dtls-li"">
					 Resistant to wear &amp; tear</li>
			<li class=""col-xs-12 dtls-li"">
					 Hydraulically filled foam inners</li>
			<li class=""col-xs-12 dtls-li"">
					 Hanging chain is included in the package</li>
			<li class=""col-xs-12 dtls-li"">
					 Warranty: 3 months warranty on manufacturing defects</li>
			<li class=""col-xs-12 dtls-li"" id=""highlightSupc"">
					SUPC: SDL038241195</li>
			</ul>
	</div><div class=""spec-body"">
		<div itemprop=""description"" class=""detailssubbox"">
			<p class=""MsoNormal"" style=""text-align:justify""><span lang=""EN-GB"" style=""mso-bidi-font-family:Calibri;mso-bidi-theme-font:minor-latin"">Lew is one
of the established names in the fitness industry. As a renowned name they
always make sure of providing superior quality products to all their customers.
Thousands of customers worldwide trust in this brand. They deal in fitness equipment
at large along with fitness accessories as well. Their growing reputation
clearly leaves no doubt about their relentless efforts to make a huge customer
base who trust in their products' quality implicitly.<p></p></span></p>

<p class=""MsoNormal"" style=""text-align:justify""><b style=""mso-bidi-font-weight:
normal""><span lang=""EN-GB"" style=""mso-bidi-font-family:Calibri;mso-bidi-theme-font:
minor-latin"">Please note for warranty claims, brand visibility (sticker) should
not be damaged. </span></b><span lang=""EN-GB"" style=""mso-bidi-font-family:Calibri;
mso-bidi-theme-font:minor-latin""><p></p></span></p></div>
	</div>",SDL038241195SNAPDEAL,SNAPDEAL,,LEW Canvas Filled Punching Bag,Y,100,N,,Get your hands on the LEW Canvas Filled Punching Bag. Buy it Online in India at LiveYourSport.com | Free Shipping and Massive Discounts,Buy the LEW Canvas Filled Punching Bag Online in India at LiveYourSport.com | Free Shipping and Massive Discounts,Buy LEW Canvas Filled Punching Bag Online in India at LiveYourSport.com | Free Shipping and Massive Discounts,Y,By Product,1,2,3,4,5,6,7,8
Product,,Lew Boxing Punching Bag Canvas Cloth Filled + Gloves + Chain,Lew,"4,500","4,500","2,184","<div class=""spec-body"">
		<ul class=""dtls-list clear"">
			<li class=""col-xs-12 dtls-li"">
					Training For The Game Of Life</li>
			<li class=""col-xs-12 dtls-li"">
					Brand: Lew</li>
			<li class=""col-xs-12 dtls-li"">
					Brand: Lew</li>
			<li class=""col-xs-12 dtls-li"">
					 Product Type: Fitness Combo</li>
			<li class=""col-xs-12 dtls-li"">
					 Punching bag made of Canvas Cloth (filled) </li>
			<li class=""col-xs-12 dtls-li"">
					 Punching gloves (free size)</li>
			<li class=""col-xs-12 dtls-li"">
					 Bag Size: 16 inches x 48 inches</li>
			<li class=""col-xs-12 dtls-li"">
					 Bag Weight; 30 kgs. approx.</li>
			<li class=""col-xs-12 dtls-li"">
					 Filling material: Processed leather, cotton and cloth</li>
			<li class=""col-xs-12 dtls-li"">
					 Sturdy bag designed to be repeatedly punched, for use in physical exercise or stress relief</li>
			<li class=""col-xs-12 dtls-li"">
					 Improves three core areas: physical strength, aerobic fitness, or punching technique</li>
			<li class=""col-xs-12 dtls-li"">
					 Filled as per international standards</li>
			<li class=""col-xs-12 dtls-li"">
					 A complete range of fitness gear for your home</li>
			<li class=""col-xs-12 dtls-li"" id=""highlightSupc"">
					SUPC: 1631992</li>
			</ul>
	</div><div class=""spec-body"">
		<div itemprop=""description"" class=""detailssubbox"">
			<p class=""MsoNormal"">
	<span lang=""EN-GB"">Lew is one of the established names in the fitness industry. As a renowned name they always make sure of providing superior quality products to all their customers. Thousands of customers worldwide trust in this brand. They deal in fitness equipment at large along with fitness accessories as well. Their growing reputation clearly leaves no doubt about their relentless efforts to make a huge customer base who trust in their products' quality implicitly.<p></p></span></p>
</div>
	</div>",1631992SNAPDEAL,SNAPDEAL,,Lew Boxing Punching Bag Canvas Cloth Filled + Gloves + Chain,Y,100,N,,Get your hands on the Lew Boxing Punching Bag Canvas Cloth Filled + Gloves + Chain. Buy it Online in India at LiveYourSport.com | Free Shipping and Massive Discounts,Buy the Lew Boxing Punching Bag Canvas Cloth Filled + Gloves + Chain Online in India at LiveYourSport.com | Free Shipping and Massive Discounts,Buy Lew Boxing Punching Bag Canvas Cloth Filled + Gloves + Chain Online in India at LiveYourSport.com | Free Shipping and Massive Discounts,Y,By Product,1,2,3,4,5,6,7,8
Product,,Lew Kids Punching Bag Set With Gloves And Helmet,Lew,"1,999","1,999",664,"<div class=""spec-body"">
		<ul class=""dtls-list clear"">
			<li class=""col-xs-12 dtls-li"">
					Brand : LEW</li>
			<li class=""col-xs-12 dtls-li"">
					 Product Type : Punching Set</li>
			<li class=""col-xs-12 dtls-li"">
					 Size : Standard</li>
			<li class=""col-xs-12 dtls-li"">
					 Features : A excellent value for money punching set for the Juniors getting ready to become boxers. Ideal till 11 yrs.</li>
			<li class=""col-xs-12 dtls-li"">
					 Others : Synthetic Leather</li>
			<li class=""col-xs-12 dtls-li"" id=""highlightSupc"">
					SUPC: SDL869559489</li>
			</ul>
	</div><div class=""spec-body"">
		<div itemprop=""description"" class=""detailssubbox"">
			Punching Set</div>
	</div>",SDL869559489SNAPDEAL,SNAPDEAL,,Lew Kids Punching Bag Set With Gloves And Helmet,Y,100,N,,Get your hands on the Lew Kids Punching Bag Set With Gloves And Helmet. Buy it Online in India at LiveYourSport.com | Free Shipping and Massive Discounts,Buy the Lew Kids Punching Bag Set With Gloves And Helmet Online in India at LiveYourSport.com | Free Shipping and Massive Discounts,Buy Lew Kids Punching Bag Set With Gloves And Helmet Online in India at LiveYourSport.com | Free Shipping and Massive Discounts,Y,By Product,1,2,3,4,5,6,7,8
SKU,,[S]Option=Standard,,,,,,SDL869559489SNAPDEALStandard,Snapdeal,,,,100,,
Product,,"Lew Synthetic Leather Punching Filled Bag With Gloves, Chains And Hand Wraps",Lew,"3,799","3,799","3,609","<div class=""spec-body"">
		<ul class=""dtls-list clear"">
			<li class=""col-xs-12 dtls-li"">
					Brand : Lew</li>
			<li class=""col-xs-12 dtls-li"">
					 Product Type : Punching Bag set With free gloves and Hand Wraps</li>
			<li class=""col-xs-12 dtls-li"">
					 Size : One Size</li>
			<li class=""col-xs-12 dtls-li"">
					 Features : An Ideal set for Trainign</li>
			<li class=""col-xs-12 dtls-li"" id=""highlightSupc"">
					SUPC: SDL329255802</li>
			</ul>
	</div><div class=""spec-body"">
		<div itemprop=""description"" class=""detailssubbox"">
			Punching Bag</div>
	</div>",SDL329255802SNAPDEAL,SNAPDEAL,,"Lew Synthetic Leather Punching Filled Bag With Gloves, Chains And Hand Wraps",Y,100,N,,"Get your hands on the Lew Synthetic Leather Punching Filled Bag With Gloves, Chains And Hand Wraps. Buy it Online in India at LiveYourSport.com | Free Shipping and Massive Discounts","Buy the Lew Synthetic Leather Punching Filled Bag With Gloves, Chains And Hand Wraps Online in India at LiveYourSport.com | Free Shipping and Massive Discounts","Buy Lew Synthetic Leather Punching Filled Bag With Gloves, Chains And Hand Wraps Online in India at LiveYourSport.com | Free Shipping and Massive Discounts",Y,By Product,1,2,3,4,5,6,7,8
SKU,,[S]Option=One Size,,,,,,SDL329255802SNAPDEALOne Size,Snapdeal,,,,100,,
