imageurl,description,productname
/viewprodimage.php?modelid=3110,"<tr>
            <td align=""right"" width=""200""><img src=""/viewprodimage.php?modelid=3110"" border=""0""></td><td valign=""top"">
            <table border=""0"" cellspacing=""1"" cellpadding=""0""><td colspan=""3""> <table border=""0"" cellspacing=""1"" cellpadding=""0"" bgcolor=""#000000""><tr><td><table cellspacing=""0"" cellpadding=""0"" bgcolor=""#FFFFFF""><tr><td class=""value"" bgcolor=""#0099FF""> <font color=""#FFFFFF""><b>CB-120</b></font> </td></tr></table></td></tr></table></td><tr><td colspan=""3"" class=""value""><br>
<ul><li>Aluminium frame.</li><li>Tempered steel shaft.</li></ul>
 </td></tr><tr><td class=""field"" width=""30%"">Head Size(sq.in.)</td><td class=""field"">:</td><td class=""value"">51</td></tr><tr><td class=""field"">Weight (gms)</td><td class=""field"">:</td><td class=""value"">29-31</td></tr><tr><td class=""field"">Balance(cm)</td><td class=""field"">:</td><td class=""value"">29-31</td></tr><tr><td class=""field"">Tension(lbs)</td><td class=""field"">:</td><td class=""value"">20-24</td></tr><tr><td class=""field"">Cover</td><td class=""field"">:</td><td class=""value"">Full Cover</td></tr><tr><td class=""field"">Packing</td><td class=""field"">:</td><td class=""value"">Each</td></tr>
<!--
# Start for Shopping cart Disable
<TR><form name=""frm"" method=""post"" action=""addtocart.php"">
<TD valign=top colspan=3 class=field><BR>
<input type=hidden name=product_name value=""Badminton>>Racket"">
<input type=hidden name=modelid value=""3110"">

Qty.
 <input type=""text"" name=""quantity"" size=2>&nbsp;&nbsp;
<select name=unit>
          <option value='pieces'>Pieces</option>
          <option value='dozen'>Dozen</option>
        </select>

<input align=top type=""image"" src=""/button.php?type=2&button=Add to Cart"" name=""Submit"" value=""Add To Shopping Cart"">
</form></TD></TR>
# End for shopping cart Disable
-->
</table>
</td></tr>,<tr><td><table cellspacing=""0"" cellpadding=""0"" bgcolor=""#FFFFFF""><tr><td class=""value"" bgcolor=""#0099FF""> <font color=""#FFFFFF""><b>CB-120</b></font> </td></tr></table></td></tr>,<tr><td class=""value"" bgcolor=""#0099FF""> <font color=""#FFFFFF""><b>CB-120</b></font> </td></tr>,<tr><td colspan=""3"" class=""value""><br>
<ul><li>Aluminium frame.</li><li>Tempered steel shaft.</li></ul>
 </td></tr>,<tr><td class=""field"" width=""30%"">Head Size(sq.in.)</td><td class=""field"">:</td><td class=""value"">51</td></tr>,<tr><td class=""field"">Weight (gms)</td><td class=""field"">:</td><td class=""value"">29-31</td></tr>,<tr><td class=""field"">Balance(cm)</td><td class=""field"">:</td><td class=""value"">29-31</td></tr>,<tr><td class=""field"">Tension(lbs)</td><td class=""field"">:</td><td class=""value"">20-24</td></tr>,<tr><td class=""field"">Cover</td><td class=""field"">:</td><td class=""value"">Full Cover</td></tr>,<tr><td class=""field"">Packing</td><td class=""field"">:</td><td class=""value"">Each</td></tr>",CB-120
/viewprodimage.php?modelid=3115,"<tr>
            <td align=""right"" width=""200""><img src=""/viewprodimage.php?modelid=3115"" border=""0""></td><td valign=""top"">
            <table border=""0"" cellspacing=""1"" cellpadding=""0""><td colspan=""3""> <table border=""0"" cellspacing=""1"" cellpadding=""0"" bgcolor=""#000000""><tr><td><table cellspacing=""0"" cellpadding=""0"" bgcolor=""#FFFFFF""><tr><td class=""value"" bgcolor=""#0099FF""> <font color=""#FFFFFF""><b>CB-150E</b></font> </td></tr></table></td></tr></table></td><tr><td colspan=""3"" class=""value""><ul><li>Electroplated frame.</li><li>Aluminium wide body frame with tempered steel</li><li>shaft enhancing durabilty of the racket.</li><li>Excellent spiral foamed P.U. grip.</li></ul></td></tr><tr><td class=""field"" width=""30%"">Head Size(sq.in.)</td><td class=""field"">:</td><td class=""value"">51</td></tr><tr><td class=""field"">Weight (gms)</td><td class=""field"">:</td><td class=""value"">100-110</td></tr><tr><td class=""field"">Balance(cm)</td><td class=""field"">:</td><td class=""value"">29-31</td></tr><tr><td class=""field"">Tension(lbs)</td><td class=""field"">:</td><td class=""value"">20-24</td></tr><tr><td class=""field"">Cover</td><td class=""field"">:</td><td class=""value"">Full Cover</td></tr><tr><td class=""field"">Packing</td><td class=""field"">:</td><td class=""value"">Each</td></tr>
<!--
# Start for Shopping cart Disable
<TR><form name=""frm"" method=""post"" action=""addtocart.php"">
<TD valign=top colspan=3 class=field><BR>
<input type=hidden name=product_name value=""Badminton>>Racket"">
<input type=hidden name=modelid value=""3115"">

Qty.
 <input type=""text"" name=""quantity"" size=2>&nbsp;&nbsp;
<select name=unit>
          <option value='pieces'>Pieces</option>
          <option value='dozen'>Dozen</option>
        </select>

<input align=top type=""image"" src=""/button.php?type=2&button=Add to Cart"" name=""Submit"" value=""Add To Shopping Cart"">
</form></TD></TR>
# End for shopping cart Disable
-->
</table>
</td></tr>,<tr><td><table cellspacing=""0"" cellpadding=""0"" bgcolor=""#FFFFFF""><tr><td class=""value"" bgcolor=""#0099FF""> <font color=""#FFFFFF""><b>CB-150E</b></font> </td></tr></table></td></tr>,<tr><td class=""value"" bgcolor=""#0099FF""> <font color=""#FFFFFF""><b>CB-150E</b></font> </td></tr>,<tr><td colspan=""3"" class=""value""><ul><li>Electroplated frame.</li><li>Aluminium wide body frame with tempered steel</li><li>shaft enhancing durabilty of the racket.</li><li>Excellent spiral foamed P.U. grip.</li></ul></td></tr>,<tr><td class=""field"" width=""30%"">Head Size(sq.in.)</td><td class=""field"">:</td><td class=""value"">51</td></tr>,<tr><td class=""field"">Weight (gms)</td><td class=""field"">:</td><td class=""value"">100-110</td></tr>,<tr><td class=""field"">Balance(cm)</td><td class=""field"">:</td><td class=""value"">29-31</td></tr>,<tr><td class=""field"">Tension(lbs)</td><td class=""field"">:</td><td class=""value"">20-24</td></tr>,<tr><td class=""field"">Cover</td><td class=""field"">:</td><td class=""value"">Full Cover</td></tr>,<tr><td class=""field"">Packing</td><td class=""field"">:</td><td class=""value"">Each</td></tr>",CB-150E
/viewprodimage.php?modelid=5276,"<tr>
            <td align=""right"" width=""200""><img src=""/viewprodimage.php?modelid=5276"" border=""0""></td><td valign=""top"">
            <table border=""0"" cellspacing=""1"" cellpadding=""0""><td colspan=""3""> <table border=""0"" cellspacing=""1"" cellpadding=""0"" bgcolor=""#000000""><tr><td><table cellspacing=""0"" cellpadding=""0"" bgcolor=""#FFFFFF""><tr><td class=""value"" bgcolor=""#0099FF""> <font color=""#FFFFFF""><b>AERO 787</b></font> </td></tr></table></td></tr></table></td><tr><td colspan=""3"" class=""value""><br><ul><li> 
Designed for Excellent Sensitivity &amp; Touch  </li><li>
Excellent Flight  </li><li> 
Maximum Control </li><li>Cork Base.</li><li>
High Durable Nylon.  </li><li>Available in Yellow /White Colour. </li><li>
Recommended for Match Play.
</li></ul> 

<a href=""AERO%20787a.jpg"" target=""newwin"">View Large Image</a>
<br></td></tr><tr><td class=""field"" width=""30%"">Packing</td><td class=""field"">:</td><td class=""value"">6 Pcs. PER TUBE</td></tr>
<!--
# Start for Shopping cart Disable
<TR><form name=""frm"" method=""post"" action=""addtocart.php"">
<TD valign=top colspan=3 class=field><BR>
<input type=hidden name=product_name value=""Badminton>>Shuttle Cock>>Nylon"">
<input type=hidden name=modelid value=""5276"">

Qty.
 <input type=""text"" name=""quantity"" size=2>&nbsp;&nbsp;
<select name=unit>
          <option value='pieces'>Pieces</option>
          <option value='dozen'>Dozen</option>
        </select>

<input align=top type=""image"" src=""/button.php?type=2&button=Add to Cart"" name=""Submit"" value=""Add To Shopping Cart"">
</form></TD></TR>
# End for shopping cart Disable
-->
</table>
</td></tr>,<tr><td><table cellspacing=""0"" cellpadding=""0"" bgcolor=""#FFFFFF""><tr><td class=""value"" bgcolor=""#0099FF""> <font color=""#FFFFFF""><b>AERO 787</b></font> </td></tr></table></td></tr>,<tr><td class=""value"" bgcolor=""#0099FF""> <font color=""#FFFFFF""><b>AERO 787</b></font> </td></tr>,<tr><td colspan=""3"" class=""value""><br><ul><li> 
Designed for Excellent Sensitivity &amp; Touch  </li><li>
Excellent Flight  </li><li> 
Maximum Control </li><li>Cork Base.</li><li>
High Durable Nylon.  </li><li>Available in Yellow /White Colour. </li><li>
Recommended for Match Play.
</li></ul> 

<a href=""AERO%20787a.jpg"" target=""newwin"">View Large Image</a>
<br></td></tr>,<tr><td class=""field"" width=""30%"">Packing</td><td class=""field"">:</td><td class=""value"">6 Pcs. PER TUBE</td></tr>",AERO 787
/viewprodimage.php?modelid=5049,"<tr>
            <td align=""right"" width=""200""><img src=""/viewprodimage.php?modelid=5049"" border=""0""></td><td valign=""top"">
            <table border=""0"" cellspacing=""1"" cellpadding=""0""><td colspan=""3""> <table border=""0"" cellspacing=""1"" cellpadding=""0"" bgcolor=""#000000""><tr><td><table cellspacing=""0"" cellpadding=""0"" bgcolor=""#FFFFFF""><tr><td class=""value"" bgcolor=""#0099FF""> <font color=""#FFFFFF""><b>CB-118</b></font> </td></tr></table></td></tr></table></td><tr><td colspan=""3"" class=""value""><ul><li>Aluminium frame with tempered steel shaft.</li><li>
Value for money racket.</li></ul>
</td></tr><tr><td class=""field"">Cover</td><td class=""field"">:</td><td class=""value"">Full Cover</td></tr>
<!--
# Start for Shopping cart Disable
<TR><form name=""frm"" method=""post"" action=""addtocart.php"">
<TD valign=top colspan=3 class=field><BR>
<input type=hidden name=product_name value=""Badminton>>Racket"">
<input type=hidden name=modelid value=""5049"">

Qty.
 <input type=""text"" name=""quantity"" size=2>&nbsp;&nbsp;
<select name=unit>
          <option value='pieces'>Pieces</option>
          <option value='dozen'>Dozen</option>
        </select>

<input align=top type=""image"" src=""/button.php?type=2&button=Add to Cart"" name=""Submit"" value=""Add To Shopping Cart"">
</form></TD></TR>
# End for shopping cart Disable
-->
</table>
</td></tr>,<tr><td><table cellspacing=""0"" cellpadding=""0"" bgcolor=""#FFFFFF""><tr><td class=""value"" bgcolor=""#0099FF""> <font color=""#FFFFFF""><b>CB-118</b></font> </td></tr></table></td></tr>,<tr><td class=""value"" bgcolor=""#0099FF""> <font color=""#FFFFFF""><b>CB-118</b></font> </td></tr>,<tr><td colspan=""3"" class=""value""><ul><li>Aluminium frame with tempered steel shaft.</li><li>
Value for money racket.</li></ul>
</td></tr>,<tr><td class=""field"">Cover</td><td class=""field"">:</td><td class=""value"">Full Cover</td></tr>",CB-118
/viewprodimage.php?modelid=10,"<tr>
            <td align=""right"" width=""200""><img src=""/viewprodimage.php?modelid=10"" border=""0""></td><td valign=""top"">
            <table border=""0"" cellspacing=""1"" cellpadding=""0""><td colspan=""3""> <table border=""0"" cellspacing=""1"" cellpadding=""0"" bgcolor=""#000000""><tr><td><table cellspacing=""0"" cellpadding=""0"" bgcolor=""#FFFFFF""><tr><td class=""value"" bgcolor=""#0099FF""> <font color=""#FFFFFF""><b>AERO 737</b></font> </td></tr></table></td></tr></table></td><tr><td colspan=""3"" class=""value""><br><ul><li>Designed for Excellent Sensitivity &amp; Touch.</li><li>Very Good Flight.</li><li>Maximum Control.</li><li>High Durable Nylon.</li><li>Cork look Foam.</li><li> Recommended For Training.</li></ul>

<a href=""AERO%20737.jpg"" target=""newwin"">View Large Image</a>
<br></td></tr><tr><td class=""field"" width=""30%"">Packing</td><td class=""field"">:</td><td class=""value"">6 Pcs. PER TUBE</td></tr>
<!--
# Start for Shopping cart Disable
<TR><form name=""frm"" method=""post"" action=""addtocart.php"">
<TD valign=top colspan=3 class=field><BR>
<input type=hidden name=product_name value=""Badminton>>Shuttle Cock>>Nylon"">
<input type=hidden name=modelid value=""10"">

Qty.
 <input type=""text"" name=""quantity"" size=2>&nbsp;&nbsp;
<select name=unit>
          <option value='pieces'>Pieces</option>
          <option value='dozen'>Dozen</option>
        </select>

<input align=top type=""image"" src=""/button.php?type=2&button=Add to Cart"" name=""Submit"" value=""Add To Shopping Cart"">
</form></TD></TR>
# End for shopping cart Disable
-->
</table>
</td></tr>,<tr><td><table cellspacing=""0"" cellpadding=""0"" bgcolor=""#FFFFFF""><tr><td class=""value"" bgcolor=""#0099FF""> <font color=""#FFFFFF""><b>AERO 737</b></font> </td></tr></table></td></tr>,<tr><td class=""value"" bgcolor=""#0099FF""> <font color=""#FFFFFF""><b>AERO 737</b></font> </td></tr>,<tr><td colspan=""3"" class=""value""><br><ul><li>Designed for Excellent Sensitivity &amp; Touch.</li><li>Very Good Flight.</li><li>Maximum Control.</li><li>High Durable Nylon.</li><li>Cork look Foam.</li><li> Recommended For Training.</li></ul>

<a href=""AERO%20737.jpg"" target=""newwin"">View Large Image</a>
<br></td></tr>,<tr><td class=""field"" width=""30%"">Packing</td><td class=""field"">:</td><td class=""value"">6 Pcs. PER TUBE</td></tr>",AERO 737
/viewprodimage.php?modelid=5278,"<tr>
            <td align=""right"" width=""200""><img src=""/viewprodimage.php?modelid=5278"" border=""0""></td><td valign=""top"">
            <table border=""0"" cellspacing=""1"" cellpadding=""0""><td colspan=""3""> <table border=""0"" cellspacing=""1"" cellpadding=""0"" bgcolor=""#000000""><tr><td><table cellspacing=""0"" cellpadding=""0"" bgcolor=""#FFFFFF""><tr><td class=""value"" bgcolor=""#0099FF""> <font color=""#FFFFFF""><b>CB-119</b></font> </td></tr></table></td></tr></table></td><tr><td colspan=""3"" class=""value""><br>
<ul><li><li>Aluminium frame with tempered steel shaft.</li><li>Twin Racket </li><li>
Value for money racket.</li></ul>
<br></td></tr><tr><td class=""field"">Cover</td><td class=""field"">:</td><td class=""value"">FULL</td></tr>
<!--
# Start for Shopping cart Disable
<TR><form name=""frm"" method=""post"" action=""addtocart.php"">
<TD valign=top colspan=3 class=field><BR>
<input type=hidden name=product_name value=""Badminton>>Racket"">
<input type=hidden name=modelid value=""5278"">

Qty.
 <input type=""text"" name=""quantity"" size=2>&nbsp;&nbsp;
<select name=unit>
          <option value='pieces'>Pieces</option>
          <option value='dozen'>Dozen</option>
        </select>

<input align=top type=""image"" src=""/button.php?type=2&button=Add to Cart"" name=""Submit"" value=""Add To Shopping Cart"">
</form></TD></TR>
# End for shopping cart Disable
-->
</table>
</td></tr>,<tr><td><table cellspacing=""0"" cellpadding=""0"" bgcolor=""#FFFFFF""><tr><td class=""value"" bgcolor=""#0099FF""> <font color=""#FFFFFF""><b>CB-119</b></font> </td></tr></table></td></tr>,<tr><td class=""value"" bgcolor=""#0099FF""> <font color=""#FFFFFF""><b>CB-119</b></font> </td></tr>,<tr><td colspan=""3"" class=""value""><br>
<ul><li><li>Aluminium frame with tempered steel shaft.</li><li>Twin Racket </li><li>
Value for money racket.</li></ul>
<br></td></tr>,<tr><td class=""field"">Cover</td><td class=""field"">:</td><td class=""value"">FULL</td></tr>",CB-119
/viewprodimage.php?modelid=4947,"<tr>
            <td align=""right"" width=""200""><img src=""/viewprodimage.php?modelid=4947"" border=""0""></td><td valign=""top"">
            <table border=""0"" cellspacing=""1"" cellpadding=""0""><td colspan=""3""> <table border=""0"" cellspacing=""1"" cellpadding=""0"" bgcolor=""#000000""><tr><td><table cellspacing=""0"" cellpadding=""0"" bgcolor=""#FFFFFF""><tr><td class=""value"" bgcolor=""#0099FF""> <font color=""#FFFFFF""><b>AERO 727</b></font> </td></tr></table></td></tr></table></td><tr><td colspan=""3"" class=""value""><br>
<ul><li>Designed for Excellent Sensitivity &amp; Touch.</li><li>Foam Base.</li><li>Maximum Control.</li><li>High Durable Nylon.</li><li>Recommended For Training.</li></ul>

<a href=""AERO%20727.jpg"" target=""newwin"">View Large Image</a>
<br></td></tr><tr><td class=""field"" width=""30%"">Packing</td><td class=""field"">:</td><td class=""value"">6 Pcs. PER TUBE</td></tr>
<!--
# Start for Shopping cart Disable
<TR><form name=""frm"" method=""post"" action=""addtocart.php"">
<TD valign=top colspan=3 class=field><BR>
<input type=hidden name=product_name value=""Badminton>>Shuttle Cock>>Nylon"">
<input type=hidden name=modelid value=""4947"">

Qty.
 <input type=""text"" name=""quantity"" size=2>&nbsp;&nbsp;
<select name=unit>
          <option value='pieces'>Pieces</option>
          <option value='dozen'>Dozen</option>
        </select>

<input align=top type=""image"" src=""/button.php?type=2&button=Add to Cart"" name=""Submit"" value=""Add To Shopping Cart"">
</form></TD></TR>
# End for shopping cart Disable
-->
</table>
</td></tr>,<tr><td><table cellspacing=""0"" cellpadding=""0"" bgcolor=""#FFFFFF""><tr><td class=""value"" bgcolor=""#0099FF""> <font color=""#FFFFFF""><b>AERO 727</b></font> </td></tr></table></td></tr>,<tr><td class=""value"" bgcolor=""#0099FF""> <font color=""#FFFFFF""><b>AERO 727</b></font> </td></tr>,<tr><td colspan=""3"" class=""value""><br>
<ul><li>Designed for Excellent Sensitivity &amp; Touch.</li><li>Foam Base.</li><li>Maximum Control.</li><li>High Durable Nylon.</li><li>Recommended For Training.</li></ul>

<a href=""AERO%20727.jpg"" target=""newwin"">View Large Image</a>
<br></td></tr>,<tr><td class=""field"" width=""30%"">Packing</td><td class=""field"">:</td><td class=""value"">6 Pcs. PER TUBE</td></tr>",AERO 727
/viewprodimage.php?modelid=5102,"<tr>
            <td align=""right"" width=""200""><img src=""/viewprodimage.php?modelid=5102"" border=""0""></td><td valign=""top"">
            <table border=""0"" cellspacing=""1"" cellpadding=""0""><td colspan=""3""> <table border=""0"" cellspacing=""1"" cellpadding=""0"" bgcolor=""#000000""><tr><td><table cellspacing=""0"" cellpadding=""0"" bgcolor=""#FFFFFF""><tr><td class=""value"" bgcolor=""#0099FF""> <font color=""#FFFFFF""><b>POWERTEC - PT45</b></font> </td></tr></table></td></tr></table></td><tr><td colspan=""3"" class=""value""><br><ul><li>A Special Windcut design ensures decreased wind drag<br> offering swing just like a sword.
</li><li><b>Rhombus Windcut frame.</b></li><li>
the power transfer is maximum and uniform over bigger impact area .</li><li>
Better anti-twist frame due to extra high modulus graphite.</li></ul>
<ul>
<a href=""Powertec-large.jpg"" target=""newwin"">View Large Image</a>
<br></ul></td></tr><tr><td class=""field"" width=""30%"">Flexibility</td><td class=""field"">:</td><td class=""value"">Medium</td></tr><tr><td class=""field"">Weight (gms)</td><td class=""field"">:</td><td class=""value"">83-87</td></tr><tr><td class=""field"">Balance(cm)</td><td class=""field"">:</td><td class=""value"">295±5</td></tr><tr><td class=""field"">Tension(lbs)</td><td class=""field"">:</td><td class=""value"">26-28</td></tr><tr><td class=""field"">Cover</td><td class=""field"">:</td><td class=""value"">Full</td></tr><tr><td class=""field"">Packing</td><td class=""field"">:</td><td class=""value"">Each</td></tr><tr><td class=""field"">Grip Size </td><td class=""field"">:</td><td class=""value"">G4</td></tr><tr><td class=""field"">Level </td><td class=""field"">:</td><td class=""value"">Intermediate</td></tr>
<!--
# Start for Shopping cart Disable
<TR><form name=""frm"" method=""post"" action=""addtocart.php"">
<TD valign=top colspan=3 class=field><BR>
<input type=hidden name=product_name value=""Badminton>>Racket>>PRO Series"">
<input type=hidden name=modelid value=""5102"">

Qty.
 <input type=""text"" name=""quantity"" size=2>&nbsp;&nbsp;
<select name=unit>
          <option value='pieces'>Pieces</option>
          <option value='dozen'>Dozen</option>
        </select>

<input align=top type=""image"" src=""/button.php?type=2&button=Add to Cart"" name=""Submit"" value=""Add To Shopping Cart"">
</form></TD></TR>
# End for shopping cart Disable
-->
</table>
</td></tr>,<tr><td><table cellspacing=""0"" cellpadding=""0"" bgcolor=""#FFFFFF""><tr><td class=""value"" bgcolor=""#0099FF""> <font color=""#FFFFFF""><b>POWERTEC - PT45</b></font> </td></tr></table></td></tr>,<tr><td class=""value"" bgcolor=""#0099FF""> <font color=""#FFFFFF""><b>POWERTEC - PT45</b></font> </td></tr>,<tr><td colspan=""3"" class=""value""><br><ul><li>A Special Windcut design ensures decreased wind drag<br> offering swing just like a sword.
</li><li><b>Rhombus Windcut frame.</b></li><li>
the power transfer is maximum and uniform over bigger impact area .</li><li>
Better anti-twist frame due to extra high modulus graphite.</li></ul>
<ul>
<a href=""Powertec-large.jpg"" target=""newwin"">View Large Image</a>
<br></ul></td></tr>,<tr><td class=""field"" width=""30%"">Flexibility</td><td class=""field"">:</td><td class=""value"">Medium</td></tr>,<tr><td class=""field"">Weight (gms)</td><td class=""field"">:</td><td class=""value"">83-87</td></tr>,<tr><td class=""field"">Balance(cm)</td><td class=""field"">:</td><td class=""value"">295±5</td></tr>,<tr><td class=""field"">Tension(lbs)</td><td class=""field"">:</td><td class=""value"">26-28</td></tr>,<tr><td class=""field"">Cover</td><td class=""field"">:</td><td class=""value"">Full</td></tr>,<tr><td class=""field"">Packing</td><td class=""field"">:</td><td class=""value"">Each</td></tr>,<tr><td class=""field"">Grip Size </td><td class=""field"">:</td><td class=""value"">G4</td></tr>,<tr><td class=""field"">Level </td><td class=""field"">:</td><td class=""value"">Intermediate</td></tr>",POWERTEC - PT45
/viewprodimage.php?modelid=5103,"<tr>
            <td align=""right"" width=""200""><img src=""/viewprodimage.php?modelid=5103"" border=""0""></td><td valign=""top"">
            <table border=""0"" cellspacing=""1"" cellpadding=""0""><td colspan=""3""> <table border=""0"" cellspacing=""1"" cellpadding=""0"" bgcolor=""#000000""><tr><td><table cellspacing=""0"" cellpadding=""0"" bgcolor=""#FFFFFF""><tr><td class=""value"" bgcolor=""#0099FF""> <font color=""#FFFFFF""><b>LASERTEC - LT55</b></font> </td></tr></table></td></tr></table></td><tr><td colspan=""3"" class=""value""><br><ul><li><super strength fibres provide the frame with>extra power and
lightness.
</super></li><li><b>Aerodynamic frame.</b></li><li>
Super high modulus graphite ensures high resistance <br>to torsion &amp; rapid shaft response.</li><li>
Ideal for heavy smashing &amp; accuracy in shorts.</li><li>Fast shaft recovery increase swift reaction &amp; promotes explosive play.</li></ul>
<br>


<br><ul>
<a href=""lasertec-large.jpg"" target=""newwin"">View Large Image</a>
<br></ul></td></tr><tr><td class=""field"" width=""30%"">Flexibility</td><td class=""field"">:</td><td class=""value"">Stiff</td></tr><tr><td class=""field"">Weight (gms)</td><td class=""field"">:</td><td class=""value"">83-87</td></tr><tr><td class=""field"">Balance(cm)</td><td class=""field"">:</td><td class=""value"">295±5</td></tr><tr><td class=""field"">Tension(lbs)</td><td class=""field"">:</td><td class=""value"">26-28</td></tr><tr><td class=""field"">Cover</td><td class=""field"">:</td><td class=""value"">Full</td></tr><tr><td class=""field"">Packing</td><td class=""field"">:</td><td class=""value"">Each</td></tr><tr><td class=""field"">Grip Size </td><td class=""field"">:</td><td class=""value"">G4</td></tr><tr><td class=""field"">Level </td><td class=""field"">:</td><td class=""value"">Advanced</td></tr>
<!--
# Start for Shopping cart Disable
<TR><form name=""frm"" method=""post"" action=""addtocart.php"">
<TD valign=top colspan=3 class=field><BR>
<input type=hidden name=product_name value=""Badminton>>Racket>>PRO Series"">
<input type=hidden name=modelid value=""5103"">

Qty.
 <input type=""text"" name=""quantity"" size=2>&nbsp;&nbsp;
<select name=unit>
          <option value='pieces'>Pieces</option>
          <option value='dozen'>Dozen</option>
        </select>

<input align=top type=""image"" src=""/button.php?type=2&button=Add to Cart"" name=""Submit"" value=""Add To Shopping Cart"">
</form></TD></TR>
# End for shopping cart Disable
-->
</table>
</td></tr>,<tr><td><table cellspacing=""0"" cellpadding=""0"" bgcolor=""#FFFFFF""><tr><td class=""value"" bgcolor=""#0099FF""> <font color=""#FFFFFF""><b>LASERTEC - LT55</b></font> </td></tr></table></td></tr>,<tr><td class=""value"" bgcolor=""#0099FF""> <font color=""#FFFFFF""><b>LASERTEC - LT55</b></font> </td></tr>,<tr><td colspan=""3"" class=""value""><br><ul><li><super strength fibres provide the frame with>extra power and
lightness.
</super></li><li><b>Aerodynamic frame.</b></li><li>
Super high modulus graphite ensures high resistance <br>to torsion &amp; rapid shaft response.</li><li>
Ideal for heavy smashing &amp; accuracy in shorts.</li><li>Fast shaft recovery increase swift reaction &amp; promotes explosive play.</li></ul>
<br>


<br><ul>
<a href=""lasertec-large.jpg"" target=""newwin"">View Large Image</a>
<br></ul></td></tr>,<tr><td class=""field"" width=""30%"">Flexibility</td><td class=""field"">:</td><td class=""value"">Stiff</td></tr>,<tr><td class=""field"">Weight (gms)</td><td class=""field"">:</td><td class=""value"">83-87</td></tr>,<tr><td class=""field"">Balance(cm)</td><td class=""field"">:</td><td class=""value"">295±5</td></tr>,<tr><td class=""field"">Tension(lbs)</td><td class=""field"">:</td><td class=""value"">26-28</td></tr>,<tr><td class=""field"">Cover</td><td class=""field"">:</td><td class=""value"">Full</td></tr>,<tr><td class=""field"">Packing</td><td class=""field"">:</td><td class=""value"">Each</td></tr>,<tr><td class=""field"">Grip Size </td><td class=""field"">:</td><td class=""value"">G4</td></tr>,<tr><td class=""field"">Level </td><td class=""field"">:</td><td class=""value"">Advanced</td></tr>",LASERTEC - LT55
/viewprodimage.php?modelid=4948,"<tr>
            <td align=""right"" width=""200""><img src=""/viewprodimage.php?modelid=4948"" border=""0""></td><td valign=""top"">
            <table border=""0"" cellspacing=""1"" cellpadding=""0""><td colspan=""3""> <table border=""0"" cellspacing=""1"" cellpadding=""0"" bgcolor=""#000000""><tr><td><table cellspacing=""0"" cellpadding=""0"" bgcolor=""#FFFFFF""><tr><td class=""value"" bgcolor=""#0099FF""> <font color=""#FFFFFF""><b>PLATINUM</b></font> </td></tr></table></td></tr></table></td><tr><td colspan=""3"" class=""value""><br><ul><li> 
CHAMPIONSHIP GRADE Shuttle. </li><li>
Excellent in Flight &amp; Balance. </li><li> 
Cork Base.</li><li>
Selected Feathers.</li></ul> 
<br>

</td></tr><tr><td class=""field"" width=""30%"">Packing</td><td class=""field"">:</td><td class=""value"">10 Pcs BOX</td></tr>
<!--
# Start for Shopping cart Disable
<TR><form name=""frm"" method=""post"" action=""addtocart.php"">
<TD valign=top colspan=3 class=field><BR>
<input type=hidden name=product_name value=""Badminton>>Shuttle Cock>>Feather"">
<input type=hidden name=modelid value=""4948"">

Qty.
 <input type=""text"" name=""quantity"" size=2>&nbsp;&nbsp;
<select name=unit>
          <option value='pieces'>Pieces</option>
          <option value='dozen'>Dozen</option>
        </select>

<input align=top type=""image"" src=""/button.php?type=2&button=Add to Cart"" name=""Submit"" value=""Add To Shopping Cart"">
</form></TD></TR>
# End for shopping cart Disable
-->
</table>
</td></tr>,<tr><td><table cellspacing=""0"" cellpadding=""0"" bgcolor=""#FFFFFF""><tr><td class=""value"" bgcolor=""#0099FF""> <font color=""#FFFFFF""><b>PLATINUM</b></font> </td></tr></table></td></tr>,<tr><td class=""value"" bgcolor=""#0099FF""> <font color=""#FFFFFF""><b>PLATINUM</b></font> </td></tr>,<tr><td colspan=""3"" class=""value""><br><ul><li> 
CHAMPIONSHIP GRADE Shuttle. </li><li>
Excellent in Flight &amp; Balance. </li><li> 
Cork Base.</li><li>
Selected Feathers.</li></ul> 
<br>

</td></tr>,<tr><td class=""field"" width=""30%"">Packing</td><td class=""field"">:</td><td class=""value"">10 Pcs BOX</td></tr>",PLATINUM
/viewprodimage.php?modelid=4176,"<tr>
            <td align=""right"" width=""200""><img src=""/viewprodimage.php?modelid=4176"" border=""0""></td><td valign=""top"">
            <table border=""0"" cellspacing=""1"" cellpadding=""0""><td colspan=""3""> <table border=""0"" cellspacing=""1"" cellpadding=""0"" bgcolor=""#000000""><tr><td><table cellspacing=""0"" cellpadding=""0"" bgcolor=""#FFFFFF""><tr><td class=""value"" bgcolor=""#0099FF""> <font color=""#FFFFFF""><b>CB-115</b></font> </td></tr></table></td></tr></table></td><tr><td colspan=""3"" class=""value""><ul><li>Aluminium frame with tempered steel shaft.</li><li>
Value for money racket.</li></ul>
</td></tr><tr><td class=""field"" width=""30%"">Head Size(sq.in.)</td><td class=""field"">:</td><td class=""value"">53</td></tr><tr><td class=""field"">Weight (gms)</td><td class=""field"">:</td><td class=""value"">90-110</td></tr><tr><td class=""field"">Balance(cm)</td><td class=""field"">:</td><td class=""value"">30-32</td></tr><tr><td class=""field"">Tension(lbs)</td><td class=""field"">:</td><td class=""value"">24-28</td></tr><tr><td class=""field"">Cover</td><td class=""field"">:</td><td class=""value"">Full Cover</td></tr><tr><td class=""field"">Packing</td><td class=""field"">:</td><td class=""value"">Each</td></tr>
<!--
# Start for Shopping cart Disable
<TR><form name=""frm"" method=""post"" action=""addtocart.php"">
<TD valign=top colspan=3 class=field><BR>
<input type=hidden name=product_name value=""Badminton>>Racket"">
<input type=hidden name=modelid value=""4176"">

Qty.
 <input type=""text"" name=""quantity"" size=2>&nbsp;&nbsp;
<select name=unit>
          <option value='pieces'>Pieces</option>
          <option value='dozen'>Dozen</option>
        </select>

<input align=top type=""image"" src=""/button.php?type=2&button=Add to Cart"" name=""Submit"" value=""Add To Shopping Cart"">
</form></TD></TR>
# End for shopping cart Disable
-->
</table>
</td></tr>,<tr><td><table cellspacing=""0"" cellpadding=""0"" bgcolor=""#FFFFFF""><tr><td class=""value"" bgcolor=""#0099FF""> <font color=""#FFFFFF""><b>CB-115</b></font> </td></tr></table></td></tr>,<tr><td class=""value"" bgcolor=""#0099FF""> <font color=""#FFFFFF""><b>CB-115</b></font> </td></tr>,<tr><td colspan=""3"" class=""value""><ul><li>Aluminium frame with tempered steel shaft.</li><li>
Value for money racket.</li></ul>
</td></tr>,<tr><td class=""field"" width=""30%"">Head Size(sq.in.)</td><td class=""field"">:</td><td class=""value"">53</td></tr>,<tr><td class=""field"">Weight (gms)</td><td class=""field"">:</td><td class=""value"">90-110</td></tr>,<tr><td class=""field"">Balance(cm)</td><td class=""field"">:</td><td class=""value"">30-32</td></tr>,<tr><td class=""field"">Tension(lbs)</td><td class=""field"">:</td><td class=""value"">24-28</td></tr>,<tr><td class=""field"">Cover</td><td class=""field"">:</td><td class=""value"">Full Cover</td></tr>,<tr><td class=""field"">Packing</td><td class=""field"">:</td><td class=""value"">Each</td></tr>",CB-115
/viewprodimage.php?modelid=4226,"<tr>
            <td align=""right"" width=""200""><img src=""/viewprodimage.php?modelid=4226"" border=""0""></td><td valign=""top"">
            <table border=""0"" cellspacing=""1"" cellpadding=""0""><td colspan=""3""> <table border=""0"" cellspacing=""1"" cellpadding=""0"" bgcolor=""#000000""><tr><td><table cellspacing=""0"" cellpadding=""0"" bgcolor=""#FFFFFF""><tr><td class=""value"" bgcolor=""#0099FF""> <font color=""#FFFFFF""><b>CBS 70</b></font> </td></tr></table></td></tr></table></td><tr><td colspan=""3"" class=""value""><ul><li>Badminton String.</li><li>Professional Play. 
</li><li>For Hard hitting Players.</li></ul>
</td></tr><tr><td class=""field"">Thickness</td><td class=""field"">:</td><td class=""value"">0.70 mm</td></tr><tr><td class=""field"">Gauge</td><td class=""field"">:</td><td class=""value"">22 G</td></tr><tr><td class=""field"">Packing</td><td class=""field"">:</td><td class=""value"">Each</td></tr>
<!--
# Start for Shopping cart Disable
<TR><form name=""frm"" method=""post"" action=""addtocart.php"">
<TD valign=top colspan=3 class=field><BR>
<input type=hidden name=product_name value=""Badminton>>String"">
<input type=hidden name=modelid value=""4226"">

Qty.
 <input type=""text"" name=""quantity"" size=2>&nbsp;&nbsp;
<select name=unit>
          <option value='pieces'>Pieces</option>
          <option value='dozen'>Dozen</option>
        </select>

<input align=top type=""image"" src=""/button.php?type=2&button=Add to Cart"" name=""Submit"" value=""Add To Shopping Cart"">
</form></TD></TR>
# End for shopping cart Disable
-->
</table>
</td></tr>,<tr><td><table cellspacing=""0"" cellpadding=""0"" bgcolor=""#FFFFFF""><tr><td class=""value"" bgcolor=""#0099FF""> <font color=""#FFFFFF""><b>CBS 70</b></font> </td></tr></table></td></tr>,<tr><td class=""value"" bgcolor=""#0099FF""> <font color=""#FFFFFF""><b>CBS 70</b></font> </td></tr>,<tr><td colspan=""3"" class=""value""><ul><li>Badminton String.</li><li>Professional Play. 
</li><li>For Hard hitting Players.</li></ul>
</td></tr>,<tr><td class=""field"">Thickness</td><td class=""field"">:</td><td class=""value"">0.70 mm</td></tr>,<tr><td class=""field"">Gauge</td><td class=""field"">:</td><td class=""value"">22 G</td></tr>,<tr><td class=""field"">Packing</td><td class=""field"">:</td><td class=""value"">Each</td></tr>",CBS 70
/viewprodimage.php?modelid=3105,"<tr>
            <td align=""right"" width=""200""><img src=""/viewprodimage.php?modelid=3105"" border=""0""></td><td valign=""top"">
            <table border=""0"" cellspacing=""1"" cellpadding=""0""><td colspan=""3""> <table border=""0"" cellspacing=""1"" cellpadding=""0"" bgcolor=""#000000""><tr><td><table cellspacing=""0"" cellpadding=""0"" bgcolor=""#FFFFFF""><tr><td class=""value"" bgcolor=""#0099FF""> <font color=""#FFFFFF""><b>CB-110</b></font> </td></tr></table></td></tr></table></td><tr><td colspan=""3"" class=""value""><ul><li>Aluminium frame with tempered steel shaft.</li><li>
Value for money racket.</li></ul>
</td></tr><tr><td class=""field"" width=""30%"">Head Size(sq.in.)</td><td class=""field"">:</td><td class=""value"">53</td></tr><tr><td class=""field"">Weight (gms)</td><td class=""field"">:</td><td class=""value"">98</td></tr><tr><td class=""field"">Balance(cm)</td><td class=""field"">:</td><td class=""value"">30-32</td></tr><tr><td class=""field"">Tension(lbs)</td><td class=""field"">:</td><td class=""value"">24-28</td></tr><tr><td class=""field"">Cover</td><td class=""field"">:</td><td class=""value"">Full Cover</td></tr><tr><td class=""field"">Packing</td><td class=""field"">:</td><td class=""value"">Each</td></tr>
<!--
# Start for Shopping cart Disable
<TR><form name=""frm"" method=""post"" action=""addtocart.php"">
<TD valign=top colspan=3 class=field><BR>
<input type=hidden name=product_name value=""Badminton>>Racket"">
<input type=hidden name=modelid value=""3105"">

Qty.
 <input type=""text"" name=""quantity"" size=2>&nbsp;&nbsp;
<select name=unit>
          <option value='pieces'>Pieces</option>
          <option value='dozen'>Dozen</option>
        </select>

<input align=top type=""image"" src=""/button.php?type=2&button=Add to Cart"" name=""Submit"" value=""Add To Shopping Cart"">
</form></TD></TR>
# End for shopping cart Disable
-->
</table>
</td></tr>,<tr><td><table cellspacing=""0"" cellpadding=""0"" bgcolor=""#FFFFFF""><tr><td class=""value"" bgcolor=""#0099FF""> <font color=""#FFFFFF""><b>CB-110</b></font> </td></tr></table></td></tr>,<tr><td class=""value"" bgcolor=""#0099FF""> <font color=""#FFFFFF""><b>CB-110</b></font> </td></tr>,<tr><td colspan=""3"" class=""value""><ul><li>Aluminium frame with tempered steel shaft.</li><li>
Value for money racket.</li></ul>
</td></tr>,<tr><td class=""field"" width=""30%"">Head Size(sq.in.)</td><td class=""field"">:</td><td class=""value"">53</td></tr>,<tr><td class=""field"">Weight (gms)</td><td class=""field"">:</td><td class=""value"">98</td></tr>,<tr><td class=""field"">Balance(cm)</td><td class=""field"">:</td><td class=""value"">30-32</td></tr>,<tr><td class=""field"">Tension(lbs)</td><td class=""field"">:</td><td class=""value"">24-28</td></tr>,<tr><td class=""field"">Cover</td><td class=""field"">:</td><td class=""value"">Full Cover</td></tr>,<tr><td class=""field"">Packing</td><td class=""field"">:</td><td class=""value"">Each</td></tr>",CB-110
/viewprodimage.php?modelid=4978,"<tr>
            <td align=""right"" width=""200""><img src=""/viewprodimage.php?modelid=4978"" border=""0""></td><td valign=""top"">
            <table border=""0"" cellspacing=""1"" cellpadding=""0""><td colspan=""3""> <table border=""0"" cellspacing=""1"" cellpadding=""0"" bgcolor=""#000000""><tr><td><table cellspacing=""0"" cellpadding=""0"" bgcolor=""#FFFFFF""><tr><td class=""value"" bgcolor=""#0099FF""> <font color=""#FFFFFF""><b>CB-95</b></font> </td></tr></table></td></tr></table></td><tr><td colspan=""3"" class=""value""><br>
<ul><li>Aluminium frame.</li><li>Tempered steel shaft.</li><li>Wide Body.</li><li>High Fibre.</li></ul></td></tr><tr><td class=""field"" width=""30%"">Head Size(sq.in.)</td><td class=""field"">:</td><td class=""value"">53</td></tr><tr><td class=""field"">Weight (gms)</td><td class=""field"">:</td><td class=""value"">90-110</td></tr><tr><td class=""field"">Balance(cm)</td><td class=""field"">:</td><td class=""value"">30-32</td></tr><tr><td class=""field"">Tension(lbs)</td><td class=""field"">:</td><td class=""value"">24-28</td></tr><tr><td class=""field"">Cover</td><td class=""field"">:</td><td class=""value"">¾ Cover</td></tr><tr><td class=""field"">Packing</td><td class=""field"">:</td><td class=""value"">Each</td></tr>
<!--
# Start for Shopping cart Disable
<TR><form name=""frm"" method=""post"" action=""addtocart.php"">
<TD valign=top colspan=3 class=field><BR>
<input type=hidden name=product_name value=""Badminton>>Racket"">
<input type=hidden name=modelid value=""4978"">

Qty.
 <input type=""text"" name=""quantity"" size=2>&nbsp;&nbsp;
<select name=unit>
          <option value='pieces'>Pieces</option>
          <option value='dozen'>Dozen</option>
        </select>

<input align=top type=""image"" src=""/button.php?type=2&button=Add to Cart"" name=""Submit"" value=""Add To Shopping Cart"">
</form></TD></TR>
# End for shopping cart Disable
-->
</table>
</td></tr>,<tr><td><table cellspacing=""0"" cellpadding=""0"" bgcolor=""#FFFFFF""><tr><td class=""value"" bgcolor=""#0099FF""> <font color=""#FFFFFF""><b>CB-95</b></font> </td></tr></table></td></tr>,<tr><td class=""value"" bgcolor=""#0099FF""> <font color=""#FFFFFF""><b>CB-95</b></font> </td></tr>,<tr><td colspan=""3"" class=""value""><br>
<ul><li>Aluminium frame.</li><li>Tempered steel shaft.</li><li>Wide Body.</li><li>High Fibre.</li></ul></td></tr>,<tr><td class=""field"" width=""30%"">Head Size(sq.in.)</td><td class=""field"">:</td><td class=""value"">53</td></tr>,<tr><td class=""field"">Weight (gms)</td><td class=""field"">:</td><td class=""value"">90-110</td></tr>,<tr><td class=""field"">Balance(cm)</td><td class=""field"">:</td><td class=""value"">30-32</td></tr>,<tr><td class=""field"">Tension(lbs)</td><td class=""field"">:</td><td class=""value"">24-28</td></tr>,<tr><td class=""field"">Cover</td><td class=""field"">:</td><td class=""value"">¾ Cover</td></tr>,<tr><td class=""field"">Packing</td><td class=""field"">:</td><td class=""value"">Each</td></tr>",CB-95
/viewprodimage.php?modelid=4977,"<tr>
            <td align=""right"" width=""200""><img src=""/viewprodimage.php?modelid=4977"" border=""0""></td><td valign=""top"">
            <table border=""0"" cellspacing=""1"" cellpadding=""0""><td colspan=""3""> <table border=""0"" cellspacing=""1"" cellpadding=""0"" bgcolor=""#000000""><tr><td><table cellspacing=""0"" cellpadding=""0"" bgcolor=""#FFFFFF""><tr><td class=""value"" bgcolor=""#0099FF""> <font color=""#FFFFFF""><b>CB-89</b></font> </td></tr></table></td></tr></table></td><tr><td colspan=""3"" class=""value""><br>
<ul><li>Aluminium Alloy frame.</li><li>Tempered steel shaft.</li><li><b>FLAT FACE.</b>
</li></ul>
</td></tr><tr><td class=""field"" width=""30%"">Head Size(sq.in.)</td><td class=""field"">:</td><td class=""value"">53</td></tr><tr><td class=""field"">Weight (gms)</td><td class=""field"">:</td><td class=""value"">90-110</td></tr><tr><td class=""field"">Balance(cm)</td><td class=""field"">:</td><td class=""value"">30-32</td></tr><tr><td class=""field"">Tension(lbs)</td><td class=""field"">:</td><td class=""value"">24-28</td></tr><tr><td class=""field"">Cover</td><td class=""field"">:</td><td class=""value"">¾ Cover</td></tr><tr><td class=""field"">Packing</td><td class=""field"">:</td><td class=""value"">Each</td></tr>
<!--
# Start for Shopping cart Disable
<TR><form name=""frm"" method=""post"" action=""addtocart.php"">
<TD valign=top colspan=3 class=field><BR>
<input type=hidden name=product_name value=""Badminton>>Racket"">
<input type=hidden name=modelid value=""4977"">

Qty.
 <input type=""text"" name=""quantity"" size=2>&nbsp;&nbsp;
<select name=unit>
          <option value='pieces'>Pieces</option>
          <option value='dozen'>Dozen</option>
        </select>

<input align=top type=""image"" src=""/button.php?type=2&button=Add to Cart"" name=""Submit"" value=""Add To Shopping Cart"">
</form></TD></TR>
# End for shopping cart Disable
-->
</table>
</td></tr>,<tr><td><table cellspacing=""0"" cellpadding=""0"" bgcolor=""#FFFFFF""><tr><td class=""value"" bgcolor=""#0099FF""> <font color=""#FFFFFF""><b>CB-89</b></font> </td></tr></table></td></tr>,<tr><td class=""value"" bgcolor=""#0099FF""> <font color=""#FFFFFF""><b>CB-89</b></font> </td></tr>,<tr><td colspan=""3"" class=""value""><br>
<ul><li>Aluminium Alloy frame.</li><li>Tempered steel shaft.</li><li><b>FLAT FACE.</b>
</li></ul>
</td></tr>,<tr><td class=""field"" width=""30%"">Head Size(sq.in.)</td><td class=""field"">:</td><td class=""value"">53</td></tr>,<tr><td class=""field"">Weight (gms)</td><td class=""field"">:</td><td class=""value"">90-110</td></tr>,<tr><td class=""field"">Balance(cm)</td><td class=""field"">:</td><td class=""value"">30-32</td></tr>,<tr><td class=""field"">Tension(lbs)</td><td class=""field"">:</td><td class=""value"">24-28</td></tr>,<tr><td class=""field"">Cover</td><td class=""field"">:</td><td class=""value"">¾ Cover</td></tr>,<tr><td class=""field"">Packing</td><td class=""field"">:</td><td class=""value"">Each</td></tr>",CB-89
/viewprodimage.php?modelid=4143,"<tr>
            <td align=""right"" width=""200""><img src=""/viewprodimage.php?modelid=4143"" border=""0""></td><td valign=""top"">
            <table border=""0"" cellspacing=""1"" cellpadding=""0""><td colspan=""3""> <table border=""0"" cellspacing=""1"" cellpadding=""0"" bgcolor=""#000000""><tr><td><table cellspacing=""0"" cellpadding=""0"" bgcolor=""#FFFFFF""><tr><td class=""value"" bgcolor=""#0099FF""> <font color=""#FFFFFF""><b>CB-90</b></font> </td></tr></table></td></tr></table></td><tr><td colspan=""3"" class=""value""><ul><li>Aluminium Frame. </li><li>
Tempered Steel Shaft.</li></ul></td></tr><tr><td class=""field"" width=""30%"">Head Size(sq.in.)</td><td class=""field"">:</td><td class=""value"">53</td></tr><tr><td class=""field"">Weight (gms)</td><td class=""field"">:</td><td class=""value"">90-110</td></tr><tr><td class=""field"">Balance(cm)</td><td class=""field"">:</td><td class=""value"">30-32</td></tr><tr><td class=""field"">Tension(lbs)</td><td class=""field"">:</td><td class=""value"">24-28</td></tr><tr><td class=""field"">Cover</td><td class=""field"">:</td><td class=""value"">¾ Cover</td></tr><tr><td class=""field"">Packing</td><td class=""field"">:</td><td class=""value"">Each</td></tr>
<!--
# Start for Shopping cart Disable
<TR><form name=""frm"" method=""post"" action=""addtocart.php"">
<TD valign=top colspan=3 class=field><BR>
<input type=hidden name=product_name value=""Badminton>>Racket"">
<input type=hidden name=modelid value=""4143"">

Qty.
 <input type=""text"" name=""quantity"" size=2>&nbsp;&nbsp;
<select name=unit>
          <option value='pieces'>Pieces</option>
          <option value='dozen'>Dozen</option>
        </select>

<input align=top type=""image"" src=""/button.php?type=2&button=Add to Cart"" name=""Submit"" value=""Add To Shopping Cart"">
</form></TD></TR>
# End for shopping cart Disable
-->
</table>
</td></tr>,<tr><td><table cellspacing=""0"" cellpadding=""0"" bgcolor=""#FFFFFF""><tr><td class=""value"" bgcolor=""#0099FF""> <font color=""#FFFFFF""><b>CB-90</b></font> </td></tr></table></td></tr>,<tr><td class=""value"" bgcolor=""#0099FF""> <font color=""#FFFFFF""><b>CB-90</b></font> </td></tr>,<tr><td colspan=""3"" class=""value""><ul><li>Aluminium Frame. </li><li>
Tempered Steel Shaft.</li></ul></td></tr>,<tr><td class=""field"" width=""30%"">Head Size(sq.in.)</td><td class=""field"">:</td><td class=""value"">53</td></tr>,<tr><td class=""field"">Weight (gms)</td><td class=""field"">:</td><td class=""value"">90-110</td></tr>,<tr><td class=""field"">Balance(cm)</td><td class=""field"">:</td><td class=""value"">30-32</td></tr>,<tr><td class=""field"">Tension(lbs)</td><td class=""field"">:</td><td class=""value"">24-28</td></tr>,<tr><td class=""field"">Cover</td><td class=""field"">:</td><td class=""value"">¾ Cover</td></tr>,<tr><td class=""field"">Packing</td><td class=""field"">:</td><td class=""value"">Each</td></tr>",CB-90
/viewprodimage.php?modelid=5139,"<tr>
            <td align=""right"" width=""200""><img src=""/viewprodimage.php?modelid=5139"" border=""0""></td><td valign=""top"">
            <table border=""0"" cellspacing=""1"" cellpadding=""0""><td colspan=""3""> <table border=""0"" cellspacing=""1"" cellpadding=""0"" bgcolor=""#000000""><tr><td><table cellspacing=""0"" cellpadding=""0"" bgcolor=""#FFFFFF""><tr><td class=""value"" bgcolor=""#0099FF""> <font color=""#FFFFFF""><b>CB-885</b></font> </td></tr></table></td></tr></table></td><tr><td colspan=""3"" class=""value""></td></tr>
<!--
# Start for Shopping cart Disable
<TR><form name=""frm"" method=""post"" action=""addtocart.php"">
<TD valign=top colspan=3 class=field><BR>
<input type=hidden name=product_name value=""Badminton>>Racket"">
<input type=hidden name=modelid value=""5139"">

Qty.
 <input type=""text"" name=""quantity"" size=2>&nbsp;&nbsp;
<select name=unit>
          <option value='pieces'>Pieces</option>
          <option value='dozen'>Dozen</option>
        </select>

<input align=top type=""image"" src=""/button.php?type=2&button=Add to Cart"" name=""Submit"" value=""Add To Shopping Cart"">
</form></TD></TR>
# End for shopping cart Disable
-->
</table>
</td></tr>,<tr><td><table cellspacing=""0"" cellpadding=""0"" bgcolor=""#FFFFFF""><tr><td class=""value"" bgcolor=""#0099FF""> <font color=""#FFFFFF""><b>CB-885</b></font> </td></tr></table></td></tr>,<tr><td class=""value"" bgcolor=""#0099FF""> <font color=""#FFFFFF""><b>CB-885</b></font> </td></tr>,<tr><td colspan=""3"" class=""value""></td></tr>",CB-885
/viewprodimage.php?modelid=5104,"<tr>
            <td align=""right"" width=""200""><img src=""/viewprodimage.php?modelid=5104"" border=""0""></td><td valign=""top"">
            <table border=""0"" cellspacing=""1"" cellpadding=""0""><td colspan=""3""> <table border=""0"" cellspacing=""1"" cellpadding=""0"" bgcolor=""#000000""><tr><td><table cellspacing=""0"" cellpadding=""0"" bgcolor=""#FFFFFF""><tr><td class=""value"" bgcolor=""#0099FF""> <font color=""#FFFFFF""><b>WOVENTEC - WT65</b></font> </td></tr></table></td></tr></table></td><tr><td colspan=""3"" class=""value""><br><ul><li><super strength fibres provide the frame with>extra power and
lightness.
</super></li><li><b>Rhombus Windcut design.</b></li><li>
A special wind cut design ensures
decreased wind drag<br> and increase
shaft movements.
</li><li>
Ideal for hard hitting players &amp; has<br> fast response too.</li></ul>
<br>
<ul>
<a href=""woventech-large.jpg"" target=""newwin"">View Large Image</a>
<br></ul></td></tr><tr><td class=""field"" width=""30%"">Flexibility</td><td class=""field"">:</td><td class=""value"">Stiff</td></tr><tr><td class=""field"">Weight (gms)</td><td class=""field"">:</td><td class=""value"">83-87</td></tr><tr><td class=""field"">Balance(cm)</td><td class=""field"">:</td><td class=""value"">295±5</td></tr><tr><td class=""field"">Tension(lbs)</td><td class=""field"">:</td><td class=""value"">26-28</td></tr><tr><td class=""field"">Cover</td><td class=""field"">:</td><td class=""value"">Full</td></tr><tr><td class=""field"">Packing</td><td class=""field"">:</td><td class=""value"">Each</td></tr><tr><td class=""field"">Grip Size </td><td class=""field"">:</td><td class=""value"">G4</td></tr><tr><td class=""field"">Level </td><td class=""field"">:</td><td class=""value"">Advanced</td></tr>
<!--
# Start for Shopping cart Disable
<TR><form name=""frm"" method=""post"" action=""addtocart.php"">
<TD valign=top colspan=3 class=field><BR>
<input type=hidden name=product_name value=""Badminton>>Racket>>PRO Series"">
<input type=hidden name=modelid value=""5104"">

Qty.
 <input type=""text"" name=""quantity"" size=2>&nbsp;&nbsp;
<select name=unit>
          <option value='pieces'>Pieces</option>
          <option value='dozen'>Dozen</option>
        </select>

<input align=top type=""image"" src=""/button.php?type=2&button=Add to Cart"" name=""Submit"" value=""Add To Shopping Cart"">
</form></TD></TR>
# End for shopping cart Disable
-->
</table>
</td></tr>,<tr><td><table cellspacing=""0"" cellpadding=""0"" bgcolor=""#FFFFFF""><tr><td class=""value"" bgcolor=""#0099FF""> <font color=""#FFFFFF""><b>WOVENTEC - WT65</b></font> </td></tr></table></td></tr>,<tr><td class=""value"" bgcolor=""#0099FF""> <font color=""#FFFFFF""><b>WOVENTEC - WT65</b></font> </td></tr>,<tr><td colspan=""3"" class=""value""><br><ul><li><super strength fibres provide the frame with>extra power and
lightness.
</super></li><li><b>Rhombus Windcut design.</b></li><li>
A special wind cut design ensures
decreased wind drag<br> and increase
shaft movements.
</li><li>
Ideal for hard hitting players &amp; has<br> fast response too.</li></ul>
<br>
<ul>
<a href=""woventech-large.jpg"" target=""newwin"">View Large Image</a>
<br></ul></td></tr>,<tr><td class=""field"" width=""30%"">Flexibility</td><td class=""field"">:</td><td class=""value"">Stiff</td></tr>,<tr><td class=""field"">Weight (gms)</td><td class=""field"">:</td><td class=""value"">83-87</td></tr>,<tr><td class=""field"">Balance(cm)</td><td class=""field"">:</td><td class=""value"">295±5</td></tr>,<tr><td class=""field"">Tension(lbs)</td><td class=""field"">:</td><td class=""value"">26-28</td></tr>,<tr><td class=""field"">Cover</td><td class=""field"">:</td><td class=""value"">Full</td></tr>,<tr><td class=""field"">Packing</td><td class=""field"">:</td><td class=""value"">Each</td></tr>,<tr><td class=""field"">Grip Size </td><td class=""field"">:</td><td class=""value"">G4</td></tr>,<tr><td class=""field"">Level </td><td class=""field"">:</td><td class=""value"">Advanced</td></tr>",WOVENTEC - WT65
/viewprodimage.php?modelid=5101,"<tr>
            <td align=""right"" width=""200""><img src=""/viewprodimage.php?modelid=5101"" border=""0""></td><td valign=""top"">
            <table border=""0"" cellspacing=""1"" cellpadding=""0""><td colspan=""3""> <table border=""0"" cellspacing=""1"" cellpadding=""0"" bgcolor=""#000000""><tr><td><table cellspacing=""0"" cellpadding=""0"" bgcolor=""#FFFFFF""><tr><td class=""value"" bgcolor=""#0099FF""> <font color=""#FFFFFF""><b>NANOTEC-  NT35</b></font> </td></tr></table></td></tr></table></td><tr><td colspan=""3"" class=""value""><br><ul><li>Anti-wind drag design.
</li><li><b>Compund Cross Section frame.</b></li><li>
Box type frame gives its unique compound cross-section<br>which gives Speed &amp; Swift Response.</li><li>
Extra high modulus graphite offers better abnti-twist frame<br> for powerful &amp; accurate play.</li></ul>

<ul>
<a href=""nanotec-large.jpg"" target=""newwin"">View Large Image</a>
<br></ul></td></tr><tr><td class=""field"" width=""30%"">Flexibility</td><td class=""field"">:</td><td class=""value"">Flexible</td></tr><tr><td class=""field"">Weight (gms)</td><td class=""field"">:</td><td class=""value"">83-87</td></tr><tr><td class=""field"">Balance(cm)</td><td class=""field"">:</td><td class=""value"">290±5</td></tr><tr><td class=""field"">Tension(lbs)</td><td class=""field"">:</td><td class=""value"">26-28</td></tr><tr><td class=""field"">Cover</td><td class=""field"">:</td><td class=""value"">Full</td></tr><tr><td class=""field"">Packing</td><td class=""field"">:</td><td class=""value"">Each</td></tr><tr><td class=""field"">Grip Size </td><td class=""field"">:</td><td class=""value"">G4</td></tr><tr><td class=""field"">Level </td><td class=""field"">:</td><td class=""value"">Intermediate</td></tr>
<!--
# Start for Shopping cart Disable
<TR><form name=""frm"" method=""post"" action=""addtocart.php"">
<TD valign=top colspan=3 class=field><BR>
<input type=hidden name=product_name value=""Badminton>>Racket>>PRO Series"">
<input type=hidden name=modelid value=""5101"">

Qty.
 <input type=""text"" name=""quantity"" size=2>&nbsp;&nbsp;
<select name=unit>
          <option value='pieces'>Pieces</option>
          <option value='dozen'>Dozen</option>
        </select>

<input align=top type=""image"" src=""/button.php?type=2&button=Add to Cart"" name=""Submit"" value=""Add To Shopping Cart"">
</form></TD></TR>
# End for shopping cart Disable
-->
</table>
</td></tr>,<tr><td><table cellspacing=""0"" cellpadding=""0"" bgcolor=""#FFFFFF""><tr><td class=""value"" bgcolor=""#0099FF""> <font color=""#FFFFFF""><b>NANOTEC-  NT35</b></font> </td></tr></table></td></tr>,<tr><td class=""value"" bgcolor=""#0099FF""> <font color=""#FFFFFF""><b>NANOTEC-  NT35</b></font> </td></tr>,<tr><td colspan=""3"" class=""value""><br><ul><li>Anti-wind drag design.
</li><li><b>Compund Cross Section frame.</b></li><li>
Box type frame gives its unique compound cross-section<br>which gives Speed &amp; Swift Response.</li><li>
Extra high modulus graphite offers better abnti-twist frame<br> for powerful &amp; accurate play.</li></ul>

<ul>
<a href=""nanotec-large.jpg"" target=""newwin"">View Large Image</a>
<br></ul></td></tr>,<tr><td class=""field"" width=""30%"">Flexibility</td><td class=""field"">:</td><td class=""value"">Flexible</td></tr>,<tr><td class=""field"">Weight (gms)</td><td class=""field"">:</td><td class=""value"">83-87</td></tr>,<tr><td class=""field"">Balance(cm)</td><td class=""field"">:</td><td class=""value"">290±5</td></tr>,<tr><td class=""field"">Tension(lbs)</td><td class=""field"">:</td><td class=""value"">26-28</td></tr>,<tr><td class=""field"">Cover</td><td class=""field"">:</td><td class=""value"">Full</td></tr>,<tr><td class=""field"">Packing</td><td class=""field"">:</td><td class=""value"">Each</td></tr>,<tr><td class=""field"">Grip Size </td><td class=""field"">:</td><td class=""value"">G4</td></tr>,<tr><td class=""field"">Level </td><td class=""field"">:</td><td class=""value"">Intermediate</td></tr>",NANOTEC-  NT35
/viewprodimage.php?modelid=4901,"<tr>
            <td align=""right"" width=""200""><img src=""/viewprodimage.php?modelid=4901"" border=""0""></td><td valign=""top"">
            <table border=""0"" cellspacing=""1"" cellpadding=""0""><td colspan=""3""> <table border=""0"" cellspacing=""1"" cellpadding=""0"" bgcolor=""#000000""><tr><td><table cellspacing=""0"" cellpadding=""0"" bgcolor=""#FFFFFF""><tr><td class=""value"" bgcolor=""#0099FF""> <font color=""#FFFFFF""><b>CB-88</b></font> </td></tr></table></td></tr></table></td><tr><td colspan=""3"" class=""value""><ul><li>Aluminium frame with tempered steel shaft.</li><li>
Value for money racket.</li></ul>
</td></tr><tr><td class=""field"" width=""30%"">Head Size(sq.in.)</td><td class=""field"">:</td><td class=""value"">53</td></tr><tr><td class=""field"">Weight (gms)</td><td class=""field"">:</td><td class=""value"">90-110</td></tr><tr><td class=""field"">Balance(cm)</td><td class=""field"">:</td><td class=""value"">30-32</td></tr><tr><td class=""field"">Tension(lbs)</td><td class=""field"">:</td><td class=""value"">24-28</td></tr><tr><td class=""field"">Cover</td><td class=""field"">:</td><td class=""value"">½ Cover</td></tr><tr><td class=""field"">Packing</td><td class=""field"">:</td><td class=""value"">Each</td></tr>
<!--
# Start for Shopping cart Disable
<TR><form name=""frm"" method=""post"" action=""addtocart.php"">
<TD valign=top colspan=3 class=field><BR>
<input type=hidden name=product_name value=""Badminton>>Racket"">
<input type=hidden name=modelid value=""4901"">

Qty.
 <input type=""text"" name=""quantity"" size=2>&nbsp;&nbsp;
<select name=unit>
          <option value='pieces'>Pieces</option>
          <option value='dozen'>Dozen</option>
        </select>

<input align=top type=""image"" src=""/button.php?type=2&button=Add to Cart"" name=""Submit"" value=""Add To Shopping Cart"">
</form></TD></TR>
# End for shopping cart Disable
-->
</table>
</td></tr>,<tr><td><table cellspacing=""0"" cellpadding=""0"" bgcolor=""#FFFFFF""><tr><td class=""value"" bgcolor=""#0099FF""> <font color=""#FFFFFF""><b>CB-88</b></font> </td></tr></table></td></tr>,<tr><td class=""value"" bgcolor=""#0099FF""> <font color=""#FFFFFF""><b>CB-88</b></font> </td></tr>,<tr><td colspan=""3"" class=""value""><ul><li>Aluminium frame with tempered steel shaft.</li><li>
Value for money racket.</li></ul>
</td></tr>,<tr><td class=""field"" width=""30%"">Head Size(sq.in.)</td><td class=""field"">:</td><td class=""value"">53</td></tr>,<tr><td class=""field"">Weight (gms)</td><td class=""field"">:</td><td class=""value"">90-110</td></tr>,<tr><td class=""field"">Balance(cm)</td><td class=""field"">:</td><td class=""value"">30-32</td></tr>,<tr><td class=""field"">Tension(lbs)</td><td class=""field"">:</td><td class=""value"">24-28</td></tr>,<tr><td class=""field"">Cover</td><td class=""field"">:</td><td class=""value"">½ Cover</td></tr>,<tr><td class=""field"">Packing</td><td class=""field"">:</td><td class=""value"">Each</td></tr>",CB-88
/viewprodimage.php?modelid=5099,"<tr>
            <td align=""right"" width=""200""><img src=""/viewprodimage.php?modelid=5099"" border=""0""></td><td valign=""top"">
            <table border=""0"" cellspacing=""1"" cellpadding=""0""><td colspan=""3""> <table border=""0"" cellspacing=""1"" cellpadding=""0"" bgcolor=""#000000""><tr><td><table cellspacing=""0"" cellpadding=""0"" bgcolor=""#FFFFFF""><tr><td class=""value"" bgcolor=""#0099FF""> <font color=""#FFFFFF""><b>CARBONTEC - CT15</b></font> </td></tr></table></td></tr></table></td><tr><td colspan=""3"" class=""value""><br>
<ul><li><b>Taper Arch Frame</b> for high
structural strength and <br> 
generates maximum 
power. </li><li>
High Modulus Graphite 
gives lightness and<br> high
stablility.
</li><li>
Large sweetspot ensures
more power to off<br> 
Centre Hits. </li></ul>
<ul>
<a href=""carbontec-large.jpg"" target=""newwin"">View Large Image</a>
<br></ul></td></tr><tr><td class=""field"" width=""30%"">Flexibility</td><td class=""field"">:</td><td class=""value"">Medium</td></tr><tr><td class=""field"">Weight (gms)</td><td class=""field"">:</td><td class=""value"">83-87</td></tr><tr><td class=""field"">Balance(cm)</td><td class=""field"">:</td><td class=""value"">295±5</td></tr><tr><td class=""field"">Tension(lbs)</td><td class=""field"">:</td><td class=""value"">24-26</td></tr><tr><td class=""field"">Cover</td><td class=""field"">:</td><td class=""value"">Full</td></tr><tr><td class=""field"">Packing</td><td class=""field"">:</td><td class=""value"">Each</td></tr><tr><td class=""field"">Grip Size </td><td class=""field"">:</td><td class=""value"">G4</td></tr><tr><td class=""field"">Level </td><td class=""field"">:</td><td class=""value"">Training</td></tr>
<!--
# Start for Shopping cart Disable
<TR><form name=""frm"" method=""post"" action=""addtocart.php"">
<TD valign=top colspan=3 class=field><BR>
<input type=hidden name=product_name value=""Badminton>>Racket>>PRO Series"">
<input type=hidden name=modelid value=""5099"">

Qty.
 <input type=""text"" name=""quantity"" size=2>&nbsp;&nbsp;
<select name=unit>
          <option value='pieces'>Pieces</option>
          <option value='dozen'>Dozen</option>
        </select>

<input align=top type=""image"" src=""/button.php?type=2&button=Add to Cart"" name=""Submit"" value=""Add To Shopping Cart"">
</form></TD></TR>
# End for shopping cart Disable
-->
</table>
</td></tr>,<tr><td><table cellspacing=""0"" cellpadding=""0"" bgcolor=""#FFFFFF""><tr><td class=""value"" bgcolor=""#0099FF""> <font color=""#FFFFFF""><b>CARBONTEC - CT15</b></font> </td></tr></table></td></tr>,<tr><td class=""value"" bgcolor=""#0099FF""> <font color=""#FFFFFF""><b>CARBONTEC - CT15</b></font> </td></tr>,<tr><td colspan=""3"" class=""value""><br>
<ul><li><b>Taper Arch Frame</b> for high
structural strength and <br> 
generates maximum 
power. </li><li>
High Modulus Graphite 
gives lightness and<br> high
stablility.
</li><li>
Large sweetspot ensures
more power to off<br> 
Centre Hits. </li></ul>
<ul>
<a href=""carbontec-large.jpg"" target=""newwin"">View Large Image</a>
<br></ul></td></tr>,<tr><td class=""field"" width=""30%"">Flexibility</td><td class=""field"">:</td><td class=""value"">Medium</td></tr>,<tr><td class=""field"">Weight (gms)</td><td class=""field"">:</td><td class=""value"">83-87</td></tr>,<tr><td class=""field"">Balance(cm)</td><td class=""field"">:</td><td class=""value"">295±5</td></tr>,<tr><td class=""field"">Tension(lbs)</td><td class=""field"">:</td><td class=""value"">24-26</td></tr>,<tr><td class=""field"">Cover</td><td class=""field"">:</td><td class=""value"">Full</td></tr>,<tr><td class=""field"">Packing</td><td class=""field"">:</td><td class=""value"">Each</td></tr>,<tr><td class=""field"">Grip Size </td><td class=""field"">:</td><td class=""value"">G4</td></tr>,<tr><td class=""field"">Level </td><td class=""field"">:</td><td class=""value"">Training</td></tr>",CARBONTEC - CT15
/viewprodimage.php?modelid=5277,"<tr>
            <td align=""right"" width=""200""><img src=""/viewprodimage.php?modelid=5277"" border=""0""></td><td valign=""top"">
            <table border=""0"" cellspacing=""1"" cellpadding=""0""><td colspan=""3""> <table border=""0"" cellspacing=""1"" cellpadding=""0"" bgcolor=""#000000""><tr><td><table cellspacing=""0"" cellpadding=""0"" bgcolor=""#FFFFFF""><tr><td class=""value"" bgcolor=""#0099FF""> <font color=""#FFFFFF""><b>CB-80</b></font> </td></tr></table></td></tr></table></td><tr><td colspan=""3"" class=""value""><br>
<ul><li><b>Junior</b></li><li>Aluminium frame with tempered steel shaft.</li><li>Twin Racket </li><li>
Value for money racket.</li></ul>
<br></td></tr><tr><td class=""field"">Cover</td><td class=""field"">:</td><td class=""value"">FULL</td></tr>
<!--
# Start for Shopping cart Disable
<TR><form name=""frm"" method=""post"" action=""addtocart.php"">
<TD valign=top colspan=3 class=field><BR>
<input type=hidden name=product_name value=""Badminton>>Racket"">
<input type=hidden name=modelid value=""5277"">

Qty.
 <input type=""text"" name=""quantity"" size=2>&nbsp;&nbsp;
<select name=unit>
          <option value='pieces'>Pieces</option>
          <option value='dozen'>Dozen</option>
        </select>

<input align=top type=""image"" src=""/button.php?type=2&button=Add to Cart"" name=""Submit"" value=""Add To Shopping Cart"">
</form></TD></TR>
# End for shopping cart Disable
-->
</table>
</td></tr>,<tr><td><table cellspacing=""0"" cellpadding=""0"" bgcolor=""#FFFFFF""><tr><td class=""value"" bgcolor=""#0099FF""> <font color=""#FFFFFF""><b>CB-80</b></font> </td></tr></table></td></tr>,<tr><td class=""value"" bgcolor=""#0099FF""> <font color=""#FFFFFF""><b>CB-80</b></font> </td></tr>,<tr><td colspan=""3"" class=""value""><br>
<ul><li><b>Junior</b></li><li>Aluminium frame with tempered steel shaft.</li><li>Twin Racket </li><li>
Value for money racket.</li></ul>
<br></td></tr>,<tr><td class=""field"">Cover</td><td class=""field"">:</td><td class=""value"">FULL</td></tr>",CB-80
/viewprodimage.php?modelid=4225,"<tr>
            <td align=""right"" width=""200""><img src=""/viewprodimage.php?modelid=4225"" border=""0""></td><td valign=""top"">
            <table border=""0"" cellspacing=""1"" cellpadding=""0""><td colspan=""3""> <table border=""0"" cellspacing=""1"" cellpadding=""0"" bgcolor=""#000000""><tr><td><table cellspacing=""0"" cellpadding=""0"" bgcolor=""#FFFFFF""><tr><td class=""value"" bgcolor=""#0099FF""> <font color=""#FFFFFF""><b>CBS 80</b></font> </td></tr></table></td></tr></table></td><tr><td colspan=""3"" class=""value""><ul><li>Badminton String.</li><li>Allround Performance. 
</li><li>Superior Control.</li><li>High Durability.</li></ul>
</td></tr><tr><td class=""field"">Thickness</td><td class=""field"">:</td><td class=""value"">0.80 mm</td></tr><tr><td class=""field"">Gauge</td><td class=""field"">:</td><td class=""value"">22 G</td></tr><tr><td class=""field"">Packing</td><td class=""field"">:</td><td class=""value"">Each</td></tr>
<!--
# Start for Shopping cart Disable
<TR><form name=""frm"" method=""post"" action=""addtocart.php"">
<TD valign=top colspan=3 class=field><BR>
<input type=hidden name=product_name value=""Badminton>>String"">
<input type=hidden name=modelid value=""4225"">

Qty.
 <input type=""text"" name=""quantity"" size=2>&nbsp;&nbsp;
<select name=unit>
          <option value='pieces'>Pieces</option>
          <option value='dozen'>Dozen</option>
        </select>

<input align=top type=""image"" src=""/button.php?type=2&button=Add to Cart"" name=""Submit"" value=""Add To Shopping Cart"">
</form></TD></TR>
# End for shopping cart Disable
-->
</table>
</td></tr>,<tr><td><table cellspacing=""0"" cellpadding=""0"" bgcolor=""#FFFFFF""><tr><td class=""value"" bgcolor=""#0099FF""> <font color=""#FFFFFF""><b>CBS 80</b></font> </td></tr></table></td></tr>,<tr><td class=""value"" bgcolor=""#0099FF""> <font color=""#FFFFFF""><b>CBS 80</b></font> </td></tr>,<tr><td colspan=""3"" class=""value""><ul><li>Badminton String.</li><li>Allround Performance. 
</li><li>Superior Control.</li><li>High Durability.</li></ul>
</td></tr>,<tr><td class=""field"">Thickness</td><td class=""field"">:</td><td class=""value"">0.80 mm</td></tr>,<tr><td class=""field"">Gauge</td><td class=""field"">:</td><td class=""value"">22 G</td></tr>,<tr><td class=""field"">Packing</td><td class=""field"">:</td><td class=""value"">Each</td></tr>",CBS 80
/viewprodimage.php?modelid=4737,"<tr>
            <td align=""right"" width=""200""><img src=""/viewprodimage.php?modelid=4737"" border=""0""></td><td valign=""top"">
            <table border=""0"" cellspacing=""1"" cellpadding=""0""><td colspan=""3""> <table border=""0"" cellspacing=""1"" cellpadding=""0"" bgcolor=""#000000""><tr><td><table cellspacing=""0"" cellpadding=""0"" bgcolor=""#FFFFFF""><tr><td class=""value"" bgcolor=""#0099FF""> <font color=""#FFFFFF""><b>NYLON</b></font> </td></tr></table></td></tr></table></td><tr><td colspan=""3"" class=""value""><ul><li>Brown in Colour.</li><li>Nylon Twisted.</li><li>4 side tape.</li><li>Official specifications.</li></ul></td></tr><tr><td class=""field"" width=""30%"">Packing</td><td class=""field"">:</td><td class=""value"">Each</td></tr>
<!--
# Start for Shopping cart Disable
<TR><form name=""frm"" method=""post"" action=""addtocart.php"">
<TD valign=top colspan=3 class=field><BR>
<input type=hidden name=product_name value=""Badminton>>Net"">
<input type=hidden name=modelid value=""4737"">

Qty.
 <input type=""text"" name=""quantity"" size=2>&nbsp;&nbsp;
<select name=unit>
          <option value='pieces'>Pieces</option>
          <option value='dozen'>Dozen</option>
        </select>

<input align=top type=""image"" src=""/button.php?type=2&button=Add to Cart"" name=""Submit"" value=""Add To Shopping Cart"">
</form></TD></TR>
# End for shopping cart Disable
-->
</table>
</td></tr>,<tr><td><table cellspacing=""0"" cellpadding=""0"" bgcolor=""#FFFFFF""><tr><td class=""value"" bgcolor=""#0099FF""> <font color=""#FFFFFF""><b>NYLON</b></font> </td></tr></table></td></tr>,<tr><td class=""value"" bgcolor=""#0099FF""> <font color=""#FFFFFF""><b>NYLON</b></font> </td></tr>,<tr><td colspan=""3"" class=""value""><ul><li>Brown in Colour.</li><li>Nylon Twisted.</li><li>4 side tape.</li><li>Official specifications.</li></ul></td></tr>,<tr><td class=""field"" width=""30%"">Packing</td><td class=""field"">:</td><td class=""value"">Each</td></tr>",NYLON
/viewprodimage.php?modelid=4736,"<tr>
            <td align=""right"" width=""200""><img src=""/viewprodimage.php?modelid=4736"" border=""0""></td><td valign=""top"">
            <table border=""0"" cellspacing=""1"" cellpadding=""0""><td colspan=""3""> <table border=""0"" cellspacing=""1"" cellpadding=""0"" bgcolor=""#000000""><tr><td><table cellspacing=""0"" cellpadding=""0"" bgcolor=""#FFFFFF""><tr><td class=""value"" bgcolor=""#0099FF""> <font color=""#FFFFFF""><b>COTTON</b></font> </td></tr></table></td></tr></table></td><tr><td colspan=""3"" class=""value""><ul><li>Brown in Colour.</li><li>4 side tape.</li><li>Official specifications.</li></ul></td></tr><tr><td class=""field"" width=""30%"">Packing</td><td class=""field"">:</td><td class=""value"">Each</td></tr>
<!--
# Start for Shopping cart Disable
<TR><form name=""frm"" method=""post"" action=""addtocart.php"">
<TD valign=top colspan=3 class=field><BR>
<input type=hidden name=product_name value=""Badminton>>Net"">
<input type=hidden name=modelid value=""4736"">

Qty.
 <input type=""text"" name=""quantity"" size=2>&nbsp;&nbsp;
<select name=unit>
          <option value='pieces'>Pieces</option>
          <option value='dozen'>Dozen</option>
        </select>

<input align=top type=""image"" src=""/button.php?type=2&button=Add to Cart"" name=""Submit"" value=""Add To Shopping Cart"">
</form></TD></TR>
# End for shopping cart Disable
-->
</table>
</td></tr>,<tr><td><table cellspacing=""0"" cellpadding=""0"" bgcolor=""#FFFFFF""><tr><td class=""value"" bgcolor=""#0099FF""> <font color=""#FFFFFF""><b>COTTON</b></font> </td></tr></table></td></tr>,<tr><td class=""value"" bgcolor=""#0099FF""> <font color=""#FFFFFF""><b>COTTON</b></font> </td></tr>,<tr><td colspan=""3"" class=""value""><ul><li>Brown in Colour.</li><li>4 side tape.</li><li>Official specifications.</li></ul></td></tr>,<tr><td class=""field"" width=""30%"">Packing</td><td class=""field"">:</td><td class=""value"">Each</td></tr>",COTTON
/viewprodimage.php?modelid=3130,"<tr>
            <td align=""right"" width=""200""><img src=""/viewprodimage.php?modelid=3130"" border=""0""></td><td valign=""top"">
            <table border=""0"" cellspacing=""1"" cellpadding=""0""><td colspan=""3""> <table border=""0"" cellspacing=""1"" cellpadding=""0"" bgcolor=""#000000""><tr><td><table cellspacing=""0"" cellpadding=""0"" bgcolor=""#FFFFFF""><tr><td class=""value"" bgcolor=""#0099FF""> <font color=""#FFFFFF""><b>CBX-400</b></font> </td></tr></table></td></tr></table></td><tr><td colspan=""3"" class=""value""><ul><li><b>Jointless.</b> </li><li>
Wide body frame with 100% Graphite Composite shaft offering high performance and accuracy. </li></ul></td></tr><tr><td class=""field"" width=""30%"">Head Size(sq.in.)</td><td class=""field"">:</td><td class=""value"">56</td></tr><tr><td class=""field"">Weight (gms)</td><td class=""field"">:</td><td class=""value"">85-95</td></tr><tr><td class=""field"">Balance(cm)</td><td class=""field"">:</td><td class=""value"">31-32.5</td></tr><tr><td class=""field"">Tension(lbs)</td><td class=""field"">:</td><td class=""value"">20-26</td></tr><tr><td class=""field"">Cover</td><td class=""field"">:</td><td class=""value"">Full Cover</td></tr><tr><td class=""field"">Packing</td><td class=""field"">:</td><td class=""value"">Each</td></tr><tr><td class=""field"">material</td><td class=""field"">:</td><td class=""value"">Graphite Composite</td></tr>
<!--
# Start for Shopping cart Disable
<TR><form name=""frm"" method=""post"" action=""addtocart.php"">
<TD valign=top colspan=3 class=field><BR>
<input type=hidden name=product_name value=""Badminton>>Racket"">
<input type=hidden name=modelid value=""3130"">

Qty.
 <input type=""text"" name=""quantity"" size=2>&nbsp;&nbsp;
<select name=unit>
          <option value='pieces'>Pieces</option>
          <option value='dozen'>Dozen</option>
        </select>

<input align=top type=""image"" src=""/button.php?type=2&button=Add to Cart"" name=""Submit"" value=""Add To Shopping Cart"">
</form></TD></TR>
# End for shopping cart Disable
-->
</table>
</td></tr>,<tr><td><table cellspacing=""0"" cellpadding=""0"" bgcolor=""#FFFFFF""><tr><td class=""value"" bgcolor=""#0099FF""> <font color=""#FFFFFF""><b>CBX-400</b></font> </td></tr></table></td></tr>,<tr><td class=""value"" bgcolor=""#0099FF""> <font color=""#FFFFFF""><b>CBX-400</b></font> </td></tr>,<tr><td colspan=""3"" class=""value""><ul><li><b>Jointless.</b> </li><li>
Wide body frame with 100% Graphite Composite shaft offering high performance and accuracy. </li></ul></td></tr>,<tr><td class=""field"" width=""30%"">Head Size(sq.in.)</td><td class=""field"">:</td><td class=""value"">56</td></tr>,<tr><td class=""field"">Weight (gms)</td><td class=""field"">:</td><td class=""value"">85-95</td></tr>,<tr><td class=""field"">Balance(cm)</td><td class=""field"">:</td><td class=""value"">31-32.5</td></tr>,<tr><td class=""field"">Tension(lbs)</td><td class=""field"">:</td><td class=""value"">20-26</td></tr>,<tr><td class=""field"">Cover</td><td class=""field"">:</td><td class=""value"">Full Cover</td></tr>,<tr><td class=""field"">Packing</td><td class=""field"">:</td><td class=""value"">Each</td></tr>,<tr><td class=""field"">material</td><td class=""field"">:</td><td class=""value"">Graphite Composite</td></tr>",CBX-400
/viewprodimage.php?modelid=3125,"<tr>
            <td align=""right"" width=""200""><img src=""/viewprodimage.php?modelid=3125"" border=""0""></td><td valign=""top"">
            <table border=""0"" cellspacing=""1"" cellpadding=""0""><td colspan=""3""> <table border=""0"" cellspacing=""1"" cellpadding=""0"" bgcolor=""#000000""><tr><td><table cellspacing=""0"" cellpadding=""0"" bgcolor=""#FFFFFF""><tr><td class=""value"" bgcolor=""#0099FF""> <font color=""#FFFFFF""><b>CBX-320</b></font> </td></tr></table></td></tr></table></td><tr><td colspan=""3"" class=""value""><ul><li>Aluminium Frame. </li><li>
Graphite / Carbon Shaft.<b>T-joint</b></li><li>
Wide body frame construction with flexible Graphite shaft which provides better control and touch for all levels of players.</li></ul> 
</td></tr><tr><td class=""field"" width=""30%"">Head Size(sq.in.)</td><td class=""field"">:</td><td class=""value"">51</td></tr><tr><td class=""field"">Weight (gms)</td><td class=""field"">:</td><td class=""value"">105</td></tr><tr><td class=""field"">Balance(cm)</td><td class=""field"">:</td><td class=""value"">31-33</td></tr><tr><td class=""field"">Tension(lbs)</td><td class=""field"">:</td><td class=""value"">22-26</td></tr><tr><td class=""field"">Cover</td><td class=""field"">:</td><td class=""value"">Full Cover</td></tr><tr><td class=""field"">Packing</td><td class=""field"">:</td><td class=""value"">Each</td></tr>
<!--
# Start for Shopping cart Disable
<TR><form name=""frm"" method=""post"" action=""addtocart.php"">
<TD valign=top colspan=3 class=field><BR>
<input type=hidden name=product_name value=""Badminton>>Racket"">
<input type=hidden name=modelid value=""3125"">

Qty.
 <input type=""text"" name=""quantity"" size=2>&nbsp;&nbsp;
<select name=unit>
          <option value='pieces'>Pieces</option>
          <option value='dozen'>Dozen</option>
        </select>

<input align=top type=""image"" src=""/button.php?type=2&button=Add to Cart"" name=""Submit"" value=""Add To Shopping Cart"">
</form></TD></TR>
# End for shopping cart Disable
-->
</table>
</td></tr>,<tr><td><table cellspacing=""0"" cellpadding=""0"" bgcolor=""#FFFFFF""><tr><td class=""value"" bgcolor=""#0099FF""> <font color=""#FFFFFF""><b>CBX-320</b></font> </td></tr></table></td></tr>,<tr><td class=""value"" bgcolor=""#0099FF""> <font color=""#FFFFFF""><b>CBX-320</b></font> </td></tr>,<tr><td colspan=""3"" class=""value""><ul><li>Aluminium Frame. </li><li>
Graphite / Carbon Shaft.<b>T-joint</b></li><li>
Wide body frame construction with flexible Graphite shaft which provides better control and touch for all levels of players.</li></ul> 
</td></tr>,<tr><td class=""field"" width=""30%"">Head Size(sq.in.)</td><td class=""field"">:</td><td class=""value"">51</td></tr>,<tr><td class=""field"">Weight (gms)</td><td class=""field"">:</td><td class=""value"">105</td></tr>,<tr><td class=""field"">Balance(cm)</td><td class=""field"">:</td><td class=""value"">31-33</td></tr>,<tr><td class=""field"">Tension(lbs)</td><td class=""field"">:</td><td class=""value"">22-26</td></tr>,<tr><td class=""field"">Cover</td><td class=""field"">:</td><td class=""value"">Full Cover</td></tr>,<tr><td class=""field"">Packing</td><td class=""field"">:</td><td class=""value"">Each</td></tr>",CBX-320
/viewprodimage.php?modelid=78,"<tr>
            <td align=""right"" width=""200""><img src=""/viewprodimage.php?modelid=78"" border=""0""></td><td valign=""top"">
            <table border=""0"" cellspacing=""1"" cellpadding=""0""><td colspan=""3""> <table border=""0"" cellspacing=""1"" cellpadding=""0"" bgcolor=""#000000""><tr><td><table cellspacing=""0"" cellpadding=""0"" bgcolor=""#FFFFFF""><tr><td class=""value"" bgcolor=""#0099FF""> <font color=""#FFFFFF""><b>AERO 777</b></font> </td></tr></table></td></tr></table></td><tr><td colspan=""3"" class=""value""><br><ul><li> 
Designed for Excellent Sensitivity &amp; Touch  </li><li>
Excellent Flight  </li><li> 
Maximum Control </li><li>Cork Base.</li><li>
High Durable Nylon.  </li><li> Available in Yellow /White Colour.</li><li>
Recommended for Match Play.
</li></ul> 

<a href=""AERO%20777.jpg"" target=""newwin"">View Large Image</a>
<br></td></tr><tr><td class=""field"" width=""30%"">Packing</td><td class=""field"">:</td><td class=""value"">6 Pcs. PER TUBE</td></tr>
<!--
# Start for Shopping cart Disable
<TR><form name=""frm"" method=""post"" action=""addtocart.php"">
<TD valign=top colspan=3 class=field><BR>
<input type=hidden name=product_name value=""Badminton>>Shuttle Cock>>Nylon"">
<input type=hidden name=modelid value=""78"">

Qty.
 <input type=""text"" name=""quantity"" size=2>&nbsp;&nbsp;
<select name=unit>
          <option value='pieces'>Pieces</option>
          <option value='dozen'>Dozen</option>
        </select>

<input align=top type=""image"" src=""/button.php?type=2&button=Add to Cart"" name=""Submit"" value=""Add To Shopping Cart"">
</form></TD></TR>
# End for shopping cart Disable
-->
</table>
</td></tr>,<tr><td><table cellspacing=""0"" cellpadding=""0"" bgcolor=""#FFFFFF""><tr><td class=""value"" bgcolor=""#0099FF""> <font color=""#FFFFFF""><b>AERO 777</b></font> </td></tr></table></td></tr>,<tr><td class=""value"" bgcolor=""#0099FF""> <font color=""#FFFFFF""><b>AERO 777</b></font> </td></tr>,<tr><td colspan=""3"" class=""value""><br><ul><li> 
Designed for Excellent Sensitivity &amp; Touch  </li><li>
Excellent Flight  </li><li> 
Maximum Control </li><li>Cork Base.</li><li>
High Durable Nylon.  </li><li> Available in Yellow /White Colour.</li><li>
Recommended for Match Play.
</li></ul> 

<a href=""AERO%20777.jpg"" target=""newwin"">View Large Image</a>
<br></td></tr>,<tr><td class=""field"" width=""30%"">Packing</td><td class=""field"">:</td><td class=""value"">6 Pcs. PER TUBE</td></tr>",AERO 777
/viewprodimage.php?modelid=3120,"<tr>
            <td align=""right"" width=""200""><img src=""/viewprodimage.php?modelid=3120"" border=""0""></td><td valign=""top"">
            <table border=""0"" cellspacing=""1"" cellpadding=""0""><td colspan=""3""> <table border=""0"" cellspacing=""1"" cellpadding=""0"" bgcolor=""#000000""><tr><td><table cellspacing=""0"" cellpadding=""0"" bgcolor=""#FFFFFF""><tr><td class=""value"" bgcolor=""#0099FF""> <font color=""#FFFFFF""><b>CB-300</b></font> </td></tr></table></td></tr></table></td><tr><td colspan=""3"" class=""value""><ul><li>Attractive <b>multi-colours</b>. </li><li>Aluminium wide body frame with tempered steel </li><li>shaft enhancing durabilty of the racket.</li></ul></td></tr><tr><td class=""field"" width=""30%"">Head Size(sq.in.)</td><td class=""field"">:</td><td class=""value"">51</td></tr><tr><td class=""field"">Weight (gms)</td><td class=""field"">:</td><td class=""value"">100-110</td></tr><tr><td class=""field"">Balance(cm)</td><td class=""field"">:</td><td class=""value"">31-33</td></tr><tr><td class=""field"">Tension(lbs)</td><td class=""field"">:</td><td class=""value"">20-24</td></tr><tr><td class=""field"">Cover</td><td class=""field"">:</td><td class=""value"">Full Cover</td></tr><tr><td class=""field"">Packing</td><td class=""field"">:</td><td class=""value"">Each</td></tr>
<!--
# Start for Shopping cart Disable
<TR><form name=""frm"" method=""post"" action=""addtocart.php"">
<TD valign=top colspan=3 class=field><BR>
<input type=hidden name=product_name value=""Badminton>>Racket"">
<input type=hidden name=modelid value=""3120"">

Qty.
 <input type=""text"" name=""quantity"" size=2>&nbsp;&nbsp;
<select name=unit>
          <option value='pieces'>Pieces</option>
          <option value='dozen'>Dozen</option>
        </select>

<input align=top type=""image"" src=""/button.php?type=2&button=Add to Cart"" name=""Submit"" value=""Add To Shopping Cart"">
</form></TD></TR>
# End for shopping cart Disable
-->
</table>
</td></tr>,<tr><td><table cellspacing=""0"" cellpadding=""0"" bgcolor=""#FFFFFF""><tr><td class=""value"" bgcolor=""#0099FF""> <font color=""#FFFFFF""><b>CB-300</b></font> </td></tr></table></td></tr>,<tr><td class=""value"" bgcolor=""#0099FF""> <font color=""#FFFFFF""><b>CB-300</b></font> </td></tr>,<tr><td colspan=""3"" class=""value""><ul><li>Attractive <b>multi-colours</b>. </li><li>Aluminium wide body frame with tempered steel </li><li>shaft enhancing durabilty of the racket.</li></ul></td></tr>,<tr><td class=""field"" width=""30%"">Head Size(sq.in.)</td><td class=""field"">:</td><td class=""value"">51</td></tr>,<tr><td class=""field"">Weight (gms)</td><td class=""field"">:</td><td class=""value"">100-110</td></tr>,<tr><td class=""field"">Balance(cm)</td><td class=""field"">:</td><td class=""value"">31-33</td></tr>,<tr><td class=""field"">Tension(lbs)</td><td class=""field"">:</td><td class=""value"">20-24</td></tr>,<tr><td class=""field"">Cover</td><td class=""field"">:</td><td class=""value"">Full Cover</td></tr>,<tr><td class=""field"">Packing</td><td class=""field"">:</td><td class=""value"">Each</td></tr>",CB-300
/viewprodimage.php?modelid=5279,"<tr>
            <td align=""right"" width=""200""><img src=""/viewprodimage.php?modelid=5279"" border=""0""></td><td valign=""top"">
            <table border=""0"" cellspacing=""1"" cellpadding=""0""><td colspan=""3""> <table border=""0"" cellspacing=""1"" cellpadding=""0"" bgcolor=""#000000""><tr><td><table cellspacing=""0"" cellpadding=""0"" bgcolor=""#FFFFFF""><tr><td class=""value"" bgcolor=""#0099FF""> <font color=""#FFFFFF""><b>CBX-222</b></font> </td></tr></table></td></tr></table></td><tr><td colspan=""3"" class=""value""><br>
<ul><li><li>Aluminium frame.</li><li>Carbon Shaft.</li></ul>
<br></td></tr><tr><td class=""field"">Cover</td><td class=""field"">:</td><td class=""value"">FULL</td></tr>
<!--
# Start for Shopping cart Disable
<TR><form name=""frm"" method=""post"" action=""addtocart.php"">
<TD valign=top colspan=3 class=field><BR>
<input type=hidden name=product_name value=""Badminton>>Racket"">
<input type=hidden name=modelid value=""5279"">

Qty.
 <input type=""text"" name=""quantity"" size=2>&nbsp;&nbsp;
<select name=unit>
          <option value='pieces'>Pieces</option>
          <option value='dozen'>Dozen</option>
        </select>

<input align=top type=""image"" src=""/button.php?type=2&button=Add to Cart"" name=""Submit"" value=""Add To Shopping Cart"">
</form></TD></TR>
# End for shopping cart Disable
-->
</table>
</td></tr>,<tr><td><table cellspacing=""0"" cellpadding=""0"" bgcolor=""#FFFFFF""><tr><td class=""value"" bgcolor=""#0099FF""> <font color=""#FFFFFF""><b>CBX-222</b></font> </td></tr></table></td></tr>,<tr><td class=""value"" bgcolor=""#0099FF""> <font color=""#FFFFFF""><b>CBX-222</b></font> </td></tr>,<tr><td colspan=""3"" class=""value""><br>
<ul><li><li>Aluminium frame.</li><li>Carbon Shaft.</li></ul>
<br></td></tr>,<tr><td class=""field"">Cover</td><td class=""field"">:</td><td class=""value"">FULL</td></tr>",CBX-222
/viewprodimage.php?modelid=75,"<tr>
            <td align=""right"" width=""200""><img src=""/viewprodimage.php?modelid=75"" border=""0""></td><td valign=""top"">
            <table border=""0"" cellspacing=""1"" cellpadding=""0""><td colspan=""3""> <table border=""0"" cellspacing=""1"" cellpadding=""0"" bgcolor=""#000000""><tr><td><table cellspacing=""0"" cellpadding=""0"" bgcolor=""#FFFFFF""><tr><td class=""value"" bgcolor=""#0099FF""> <font color=""#FFFFFF""><b>COSCO CS 999</b></font> </td></tr></table></td></tr></table></td><tr><td colspan=""3"" class=""value""><br><ul><li> 
MATCH GRADE.</li><li>
Good in flight &amp; balance. </li><li> 
Made for indoor play.  </li><li>Cork Base.</li><li>
Selected Feathers.</li></ul> 
<br>

</td></tr><tr><td class=""field"" width=""30%"">Packing</td><td class=""field"">:</td><td class=""value"">10 Pcs BOX</td></tr>
<!--
# Start for Shopping cart Disable
<TR><form name=""frm"" method=""post"" action=""addtocart.php"">
<TD valign=top colspan=3 class=field><BR>
<input type=hidden name=product_name value=""Badminton>>Shuttle Cock>>Feather"">
<input type=hidden name=modelid value=""75"">

Qty.
 <input type=""text"" name=""quantity"" size=2>&nbsp;&nbsp;
<select name=unit>
          <option value='pieces'>Pieces</option>
          <option value='dozen'>Dozen</option>
        </select>

<input align=top type=""image"" src=""/button.php?type=2&button=Add to Cart"" name=""Submit"" value=""Add To Shopping Cart"">
</form></TD></TR>
# End for shopping cart Disable
-->
</table>
</td></tr>,<tr><td><table cellspacing=""0"" cellpadding=""0"" bgcolor=""#FFFFFF""><tr><td class=""value"" bgcolor=""#0099FF""> <font color=""#FFFFFF""><b>COSCO CS 999</b></font> </td></tr></table></td></tr>,<tr><td class=""value"" bgcolor=""#0099FF""> <font color=""#FFFFFF""><b>COSCO CS 999</b></font> </td></tr>,<tr><td colspan=""3"" class=""value""><br><ul><li> 
MATCH GRADE.</li><li>
Good in flight &amp; balance. </li><li> 
Made for indoor play.  </li><li>Cork Base.</li><li>
Selected Feathers.</li></ul> 
<br>

</td></tr>,<tr><td class=""field"" width=""30%"">Packing</td><td class=""field"">:</td><td class=""value"">10 Pcs BOX</td></tr>",COSCO CS 999
/viewprodimage.php?modelid=357,"<tr>
            <td align=""right"" width=""200""><img src=""/viewprodimage.php?modelid=357"" border=""0""></td><td valign=""top"">
            <table border=""0"" cellspacing=""1"" cellpadding=""0""><td colspan=""3""> <table border=""0"" cellspacing=""1"" cellpadding=""0"" bgcolor=""#000000""><tr><td><table cellspacing=""0"" cellpadding=""0"" bgcolor=""#FFFFFF""><tr><td class=""value"" bgcolor=""#0099FF""> <font color=""#FFFFFF""><b>DURA SOFT</b></font> </td></tr></table></td></tr></table></td><tr><td colspan=""3"" class=""value""><br>
<p></p><ul><li>High Durability Racket Grip.
</li><li>60 Pcs. packed in plastic Box.</li></ul>
<br></td></tr><tr><td class=""field"" width=""30%"">Packing</td><td class=""field"">:</td><td class=""value"">60 Pcs per box</td></tr>
<!--
# Start for Shopping cart Disable
<TR><form name=""frm"" method=""post"" action=""addtocart.php"">
<TD valign=top colspan=3 class=field><BR>
<input type=hidden name=product_name value=""Badminton>>Grips"">
<input type=hidden name=modelid value=""357"">

Qty.
 <input type=""text"" name=""quantity"" size=2>&nbsp;&nbsp;
<select name=unit>
          <option value='pieces'>Pieces</option>
          <option value='dozen'>Dozen</option>
        </select>

<input align=top type=""image"" src=""/button.php?type=2&button=Add to Cart"" name=""Submit"" value=""Add To Shopping Cart"">
</form></TD></TR>
# End for shopping cart Disable
-->
</table>
</td></tr>,<tr><td><table cellspacing=""0"" cellpadding=""0"" bgcolor=""#FFFFFF""><tr><td class=""value"" bgcolor=""#0099FF""> <font color=""#FFFFFF""><b>DURA SOFT</b></font> </td></tr></table></td></tr>,<tr><td class=""value"" bgcolor=""#0099FF""> <font color=""#FFFFFF""><b>DURA SOFT</b></font> </td></tr>,<tr><td colspan=""3"" class=""value""><br>
<p></p><ul><li>High Durability Racket Grip.
</li><li>60 Pcs. packed in plastic Box.</li></ul>
<br></td></tr>,<tr><td class=""field"" width=""30%"">Packing</td><td class=""field"">:</td><td class=""value"">60 Pcs per box</td></tr>",DURA SOFT
/viewprodimage.php?modelid=5050,"<tr>
            <td align=""right"" width=""200""><img src=""/viewprodimage.php?modelid=5050"" border=""0""></td><td valign=""top"">
            <table border=""0"" cellspacing=""1"" cellpadding=""0""><td colspan=""3""> <table border=""0"" cellspacing=""1"" cellpadding=""0"" bgcolor=""#000000""><tr><td><table cellspacing=""0"" cellpadding=""0"" bgcolor=""#FFFFFF""><tr><td class=""value"" bgcolor=""#0099FF""> <font color=""#FFFFFF""><b>EXTRA LIFE</b></font> </td></tr></table></td></tr></table></td><tr><td colspan=""3"" class=""value""><br>
<p></p><ul><li>Replacement Grip for all Rackets.
</li><li>24 Pcs. packed in Plastic Box.</li></ul>
<br></td></tr><tr><td class=""field"" width=""30%"">Packing</td><td class=""field"">:</td><td class=""value"">24 Pcs.PER BOX</td></tr>
<!--
# Start for Shopping cart Disable
<TR><form name=""frm"" method=""post"" action=""addtocart.php"">
<TD valign=top colspan=3 class=field><BR>
<input type=hidden name=product_name value=""Badminton>>Grips"">
<input type=hidden name=modelid value=""5050"">

Qty.
 <input type=""text"" name=""quantity"" size=2>&nbsp;&nbsp;
<select name=unit>
          <option value='pieces'>Pieces</option>
          <option value='dozen'>Dozen</option>
        </select>

<input align=top type=""image"" src=""/button.php?type=2&button=Add to Cart"" name=""Submit"" value=""Add To Shopping Cart"">
</form></TD></TR>
# End for shopping cart Disable
-->
</table>
</td></tr>,<tr><td><table cellspacing=""0"" cellpadding=""0"" bgcolor=""#FFFFFF""><tr><td class=""value"" bgcolor=""#0099FF""> <font color=""#FFFFFF""><b>EXTRA LIFE</b></font> </td></tr></table></td></tr>,<tr><td class=""value"" bgcolor=""#0099FF""> <font color=""#FFFFFF""><b>EXTRA LIFE</b></font> </td></tr>,<tr><td colspan=""3"" class=""value""><br>
<p></p><ul><li>Replacement Grip for all Rackets.
</li><li>24 Pcs. packed in Plastic Box.</li></ul>
<br></td></tr>,<tr><td class=""field"" width=""30%"">Packing</td><td class=""field"">:</td><td class=""value"">24 Pcs.PER BOX</td></tr>",EXTRA LIFE
/viewprodimage.php?modelid=4223,"<tr>
            <td align=""right"" width=""200""><img src=""/viewprodimage.php?modelid=4223"" border=""0""></td><td valign=""top"">
            <table border=""0"" cellspacing=""1"" cellpadding=""0""><td colspan=""3""> <table border=""0"" cellspacing=""1"" cellpadding=""0"" bgcolor=""#000000""><tr><td><table cellspacing=""0"" cellpadding=""0"" bgcolor=""#FFFFFF""><tr><td class=""value"" bgcolor=""#0099FF""> <font color=""#FFFFFF""><b>ECO GUT</b></font> </td></tr></table></td></tr></table></td><tr><td colspan=""3"" class=""value""><ul><li>Badminton String.</li><li>For Allround Performance.</li></ul></td></tr><tr><td class=""field"" width=""30%"">Length</td><td class=""field"">:</td><td class=""value"">10 m</td></tr><tr><td class=""field"">Thickness</td><td class=""field"">:</td><td class=""value"">0.70 mm</td></tr><tr><td class=""field"">Gauge</td><td class=""field"">:</td><td class=""value"">21 g</td></tr><tr><td class=""field"">Packing</td><td class=""field"">:</td><td class=""value"">Each</td></tr>
<!--
# Start for Shopping cart Disable
<TR><form name=""frm"" method=""post"" action=""addtocart.php"">
<TD valign=top colspan=3 class=field><BR>
<input type=hidden name=product_name value=""Badminton>>String"">
<input type=hidden name=modelid value=""4223"">

Qty.
 <input type=""text"" name=""quantity"" size=2>&nbsp;&nbsp;
<select name=unit>
          <option value='pieces'>Pieces</option>
          <option value='dozen'>Dozen</option>
        </select>

<input align=top type=""image"" src=""/button.php?type=2&button=Add to Cart"" name=""Submit"" value=""Add To Shopping Cart"">
</form></TD></TR>
# End for shopping cart Disable
-->
</table>
</td></tr>,<tr><td><table cellspacing=""0"" cellpadding=""0"" bgcolor=""#FFFFFF""><tr><td class=""value"" bgcolor=""#0099FF""> <font color=""#FFFFFF""><b>ECO GUT</b></font> </td></tr></table></td></tr>,<tr><td class=""value"" bgcolor=""#0099FF""> <font color=""#FFFFFF""><b>ECO GUT</b></font> </td></tr>,<tr><td colspan=""3"" class=""value""><ul><li>Badminton String.</li><li>For Allround Performance.</li></ul></td></tr>,<tr><td class=""field"" width=""30%"">Length</td><td class=""field"">:</td><td class=""value"">10 m</td></tr>,<tr><td class=""field"">Thickness</td><td class=""field"">:</td><td class=""value"">0.70 mm</td></tr>,<tr><td class=""field"">Gauge</td><td class=""field"">:</td><td class=""value"">21 g</td></tr>,<tr><td class=""field"">Packing</td><td class=""field"">:</td><td class=""value"">Each</td></tr>",ECO GUT
/viewprodimage.php?modelid=5100,"<tr>
            <td align=""right"" width=""200""><img src=""/viewprodimage.php?modelid=5100"" border=""0""></td><td valign=""top"">
            <table border=""0"" cellspacing=""1"" cellpadding=""0""><td colspan=""3""> <table border=""0"" cellspacing=""1"" cellpadding=""0"" bgcolor=""#000000""><tr><td><table cellspacing=""0"" cellpadding=""0"" bgcolor=""#FFFFFF""><tr><td class=""value"" bgcolor=""#0099FF""> <font color=""#FFFFFF""><b>MUSCLETEC - MT25</b></font> </td></tr></table></td></tr></table></td><tr><td colspan=""3"" class=""value""><br><ul><li>Designed for Attacking play..
</li><li><b>Delta Power Frame.</b></li><li>
Aerodynamic frame design offer swifter movement, <br>high stability &amp; strength to shots.</li><li>
The wind drag during play is reduced.</li></ul>
<ul>
<a href=""muscletec-large.jpg"" target=""newwin"">View Large Image</a>
<br></ul></td></tr><tr><td class=""field"" width=""30%"">Flexibility</td><td class=""field"">:</td><td class=""value"">Medium</td></tr><tr><td class=""field"">Weight (gms)</td><td class=""field"">:</td><td class=""value"">83-87</td></tr><tr><td class=""field"">Balance(cm)</td><td class=""field"">:</td><td class=""value"">295±5</td></tr><tr><td class=""field"">Tension(lbs)</td><td class=""field"">:</td><td class=""value"">24-26</td></tr><tr><td class=""field"">Cover</td><td class=""field"">:</td><td class=""value"">Full</td></tr><tr><td class=""field"">Packing</td><td class=""field"">:</td><td class=""value"">Each</td></tr><tr><td class=""field"">Grip Size </td><td class=""field"">:</td><td class=""value"">G4</td></tr><tr><td class=""field"">Level </td><td class=""field"">:</td><td class=""value"">Training</td></tr>
<!--
# Start for Shopping cart Disable
<TR><form name=""frm"" method=""post"" action=""addtocart.php"">
<TD valign=top colspan=3 class=field><BR>
<input type=hidden name=product_name value=""Badminton>>Racket>>PRO Series"">
<input type=hidden name=modelid value=""5100"">

Qty.
 <input type=""text"" name=""quantity"" size=2>&nbsp;&nbsp;
<select name=unit>
          <option value='pieces'>Pieces</option>
          <option value='dozen'>Dozen</option>
        </select>

<input align=top type=""image"" src=""/button.php?type=2&button=Add to Cart"" name=""Submit"" value=""Add To Shopping Cart"">
</form></TD></TR>
# End for shopping cart Disable
-->
</table>
</td></tr>,<tr><td><table cellspacing=""0"" cellpadding=""0"" bgcolor=""#FFFFFF""><tr><td class=""value"" bgcolor=""#0099FF""> <font color=""#FFFFFF""><b>MUSCLETEC - MT25</b></font> </td></tr></table></td></tr>,<tr><td class=""value"" bgcolor=""#0099FF""> <font color=""#FFFFFF""><b>MUSCLETEC - MT25</b></font> </td></tr>,<tr><td colspan=""3"" class=""value""><br><ul><li>Designed for Attacking play..
</li><li><b>Delta Power Frame.</b></li><li>
Aerodynamic frame design offer swifter movement, <br>high stability &amp; strength to shots.</li><li>
The wind drag during play is reduced.</li></ul>
<ul>
<a href=""muscletec-large.jpg"" target=""newwin"">View Large Image</a>
<br></ul></td></tr>,<tr><td class=""field"" width=""30%"">Flexibility</td><td class=""field"">:</td><td class=""value"">Medium</td></tr>,<tr><td class=""field"">Weight (gms)</td><td class=""field"">:</td><td class=""value"">83-87</td></tr>,<tr><td class=""field"">Balance(cm)</td><td class=""field"">:</td><td class=""value"">295±5</td></tr>,<tr><td class=""field"">Tension(lbs)</td><td class=""field"">:</td><td class=""value"">24-26</td></tr>,<tr><td class=""field"">Cover</td><td class=""field"">:</td><td class=""value"">Full</td></tr>,<tr><td class=""field"">Packing</td><td class=""field"">:</td><td class=""value"">Each</td></tr>,<tr><td class=""field"">Grip Size </td><td class=""field"">:</td><td class=""value"">G4</td></tr>,<tr><td class=""field"">Level </td><td class=""field"">:</td><td class=""value"">Training</td></tr>",MUSCLETEC - MT25
