Ab Straps,Fitness/Strength Training/Abs & Core
Abdominal Equipment,Fitness/Strength Training/Abs & Core
Accupressure ,Fitness/Fitness Accessories/Accessories
Adjustable Kettle Bells,Fitness/Weights/Kettlebells
Aerobic Bar,Fitness/Weights/Barbells
Aerobic Steps,Fitness/Fitness Accessories/Step Board
Anti Burst Gym Balls,Fitness/Yoga and Pilates/Stability Balls
Back Massager,Fitness/Fitness Machines/Massagers
Balance and Stabilization,Fitness/Fitness Accessories/Balance & Flexibility
Balance Pad,Fitness/Fitness Accessories/Balance & Flexibility
Battle Power Ropes,Fitness/Fitness Accessories/Accessories
Benches,Fitness/Strength Training/Benches
Body Weight Training,Fitness/Strength Training/Accessories
Bosu Balls,Fitness/Fitness Accessories/Balance & Flexibility
Boxing and Kick Boxing,Other Sports/Boxing/Accessories
Boxing Punching Man,Other Sports/Boxing/Punching Bags
Cast Iron Regular and Olympic Plates,Fitness/Weights/Weight Plates
Decline Benches,Fitness/Strength Training/Benches
Ellipticals,Fitness/Fitness Machines/Elliptical Trainers
Exercise Wheel,Fitness/Strength Training/Abs & Core
Flat Benches,Fitness/Strength Training/Benches
Flexi Bars,Fitness/Weights/Barbells
Flexibility Stretching and Recovery,Fitness/Fitness Accessories/Balance & Flexibility
Foam Rollers,Fitness/Fitness Accessories/Foam Rollers
Free Standing Boxing Stand,Other Sports/Boxing/Punching Bags
Free Weights,Fitness/Weights/Accessories
Group Fitness,Fitness/Fitness Accessories/Accessories
Gym  Gloves,Fitness/Fitness Accessories/Gloves
Hand Grips,Fitness/Strength Training/Grips
Hand GripsExercise Bands and Resistance Training,Fitness/Fitness Accessories/Resistance Bands
Head Harness,Fitness/Fitness Accessories/Accessories
Hex Dumbells,Fitness/Weights/Dumbbells
Incline Benches,Fitness/Strength Training/Benches
Inversion Boots,Fitness/Fitness Accessories/Accessories
Inversion Tables,Fitness/Strength Training/Back Training Equipment
Kettlebells,Fitness/Weights/Kettlebells
Kettlebells Dumbells Plates Training Ropes and Racks,Fitness/Weights/Dumbbells
Knee Supports,Fitness/Fitness Accessories/Rehabs & Injuries
Knobs,Fitness/Fitness Accessories/Accessories
Latex Loop Bands,Fitness/Fitness Accessories/Resistance Bands
Leg Massager,Fitness/Fitness Machines/Massagers
Massage Chairs,Fitness/Fitness Machines/Massagers
Medicine Ball Reactors,Fitness/Weights/Medicine Balls
Medicine Ball with handles,Fitness/Weights/Medicine Balls
Medicine balls,Fitness/Weights/Medicine Balls
Medicine balls Racks and Rebounders,Fitness/Weights/Weight Racks
Multi Gyms,Fitness/Strength Training/Multi Gym
Multi Press Benches,Fitness/Strength Training/Benches
Neoprene Ankle and Wrist Weights,Fitness/Weights/Ankle & Wrist Weights
Neoprene Dumbells,Fitness/Weights/Dumbbells
Panels,Fitness/Fitness Accessories/Accessories
Plyometric,Fitness/Fitness Accessories/Accessories
Power Bags,Fitness/Weights/Power Bags
Power Rope Balls,Fitness/Fitness Accessories/Accessories
Pre Workout,Fitness/Fitness Accessories/Accessories
Protein,Fitness/Fitness Accessories/Accessories
Pull up Bars ,Fitness/Strength Training/Pull Up & Push Up Bars
Push Up Bars,Fitness/Strength Training/Pull Up & Push Up Bars
Quick Ladders,Fitness/Fitness Accessories/Accessories
Recumbent Bikes,Fitness/Fitness Machines/Exercise Bikes
Rehab Recumbent Bike,Fitness/Fitness Machines/Exercise Bikes
Rehab Treadmill,Fitness/Fitness Machines/Treadmills
Rehab Upright Bike,Fitness/Fitness Machines/Exercise Bikes
Resistance Tubes,Fitness/Fitness Accessories/Resistance Bands
Rowers,Fitness/Fitness Machines/Rowers
Rubber Flooring,Other Sports/Boxing/Accessories
Seats,Fitness/Fitness Accessories/Accessories
Skipping Ropes,Fitness/Strength Training/Skipping Ropes
Sliding Boards,Fitness/Fitness Accessories/Accessories
Soft Dumbells with handle,Fitness/Weights/Dumbbells
Speed and Agility,Fitness/Fitness Accessories/Accessories
Speed Balls,Fitness/Yoga and Pilates/Stability Balls
Speed Chutes,Team Sports/Football/Football Training
Steppers,Fitness/Fitness Accessories/Step Board
Stretching Machine,Fitness/Fitness Machines/Accessories
Supports,Fitness/Fitness Accessories/Accessories
Suspension Trainers,Fitness/Fitness Machines/Accessories
Thera Band ,Fitness/Fitness Accessories/Resistance Bands
Trampolines,Fitness/Fitness Accessories/Accessories
Treadmill Belts,Fitness/Fitness Machines/Accessories
Treadmill Motors,Fitness/Fitness Machines/Accessories
Treadmill PCB,Fitness/Fitness Machines/Accessories
Treadmills,Fitness/Fitness Machines/Treadmills
Tricep Ropes,Fitness/Fitness Accessories/Accessories
Upright Bikes,Fitness/Fitness Machines/Exercise Bikes
Weight Lifting Belts ,Fitness/Weights/Accessories
Weight Lifting Equipment ,Fitness/Weights/Accessories
Weight Lifting Rods,Fitness/Weights/Accessories
Weight Loss,Fitness/Weights/Accessories
Weighted Vests,Fitness/Weights/Weight Lifting Jackets
Wobble Boards,Fitness/Yoga and Pilates/Accessories
Yoga Mats,Fitness/Yoga and Pilates/Mats
