SKU,description,URL,variant,SP,MRP,productname,varname,imgurl,stock
,,,,,,http://live-you-sport.mybigcommerce.com/racket-sports/,,,
,,,,,,http://live-you-sport.mybigcommerce.com/squash/,,,
,,,,,,http://live-you-sport.mybigcommerce.com/squash-rackets,,,
,,,,,,http://live-you-sport.mybigcommerce.com/squash-racket-bags/,,,
,,,,,,http://live-you-sport.mybigcommerce.com/Squash-strings/,,,
,,,,,,http://live-you-sport.mybigcommerce.com/squash-racket-grips/,,,
,,,,,,http://live-you-sport.mybigcommerce.com/squash-balls/,,,
,,,,,,http://live-you-sport.mybigcommerce.com/squash-shoes/,,,
,,,,,,http://live-you-sport.mybigcommerce.com/Squash-eye-wear/,,,
,,,,,,http://live-you-sport.mybigcommerce.com/dampners/,,,
,,,,,,http://live-you-sport.mybigcommerce.com/squash-wrist-bands/,,,
,,,,,,http://live-you-sport.mybigcommerce.com/squash-accessories/,,,
,,,,,,http://live-you-sport.mybigcommerce.com/headband/,,,
,,,,,,http://live-you-sport.mybigcommerce.com/socks/,,,
,,,,,,http://live-you-sport.mybigcommerce.com/badminton/,,,
,,,,,,http://live-you-sport.mybigcommerce.com/Badminton-rackets/,,,
,,,,,,http://live-you-sport.mybigcommerce.com/badminton-strings/,,,
,,,,,,http://live-you-sport.mybigcommerce.com/badminton-grips/,,,
,,,,,,http://live-you-sport.mybigcommerce.com/badminton-net-1/,,,
,,,,,,http://live-you-sport.mybigcommerce.com/badminton-shuttlecocks/,,,
,,,,,,http://live-you-sport.mybigcommerce.com/badminton-racket-bags/,,,
,,,,,,http://live-you-sport.mybigcommerce.com/Badminton-shoes/,,,
,,,,,,http://live-you-sport.mybigcommerce.com/Badminton-apparels/,,,
,,,,,,http://live-you-sport.mybigcommerce.com/badminton-accessories/,,,
,,,,,,http://live-you-sport.mybigcommerce.com/tennis/,,,
,,,,,,http://live-you-sport.mybigcommerce.com/tennis-rackets/,,,
,,,,,,http://live-you-sport.mybigcommerce.com/tennis-strings/,,,
,,,,,,http://live-you-sport.mybigcommerce.com/tennis-balls/,,,
,,,,,,http://live-you-sport.mybigcommerce.com/tennis-grips/,,,
,,,,,,http://live-you-sport.mybigcommerce.com/tennis-nets/,,,
,,,,,,http://live-you-sport.mybigcommerce.com/dampners-1/,,,
,,,,,,http://live-you-sport.mybigcommerce.com/tennis-shoes/,,,
,,,,,,http://live-you-sport.mybigcommerce.com/tennis-racket-bags/,,,
,,,,,,http://live-you-sport.mybigcommerce.com/tennis-electronics/,,,
,,,,,,http://live-you-sport.mybigcommerce.com/tennis-ball-machine/,,,
,,,,,,http://live-you-sport.mybigcommerce.com/tennis-string-machine/,,,
,,,,,,http://live-you-sport.mybigcommerce.com/tennis-apparels/,,,
,,,,,,http://live-you-sport.mybigcommerce.com/tennis-accessories/,,,
,,,,,,http://live-you-sport.mybigcommerce.com/table-tennis/,,,
,,,,,,http://live-you-sport.mybigcommerce.com/table-tennis-blades/,,,
,,,,,,http://live-you-sport.mybigcommerce.com/table-tennis-rubbers/,,,
,,,,,,http://live-you-sport.mybigcommerce.com/table-tennis-bats/,,,
,,,,,,http://live-you-sport.mybigcommerce.com/table-tennis-balls/,,,
,,,,,,http://live-you-sport.mybigcommerce.com/table-tennis-bags/,,,
,,,,,,http://live-you-sport.mybigcommerce.com/table-tennis-nets/,,,
,,,,,,http://live-you-sport.mybigcommerce.com/table-tennis-tables/,,,
,,,,,,http://live-you-sport.mybigcommerce.com/table-tennis-mini-tables/,,,
,,,,,,http://live-you-sport.mybigcommerce.com/table-tennis-shoes/,,,
,,,,,,http://live-you-sport.mybigcommerce.com/table-tennis-robots/,,,
,,,,,,http://live-you-sport.mybigcommerce.com/table-tennis-accessories/,,,
,,,,,,http://live-you-sport.mybigcommerce.com/team-sports/,,,
,,,,,,http://live-you-sport.mybigcommerce.com/cricket/,,,
,,,,,,http://live-you-sport.mybigcommerce.com/cricket-bats/,,,
,,,,,,http://live-you-sport.mybigcommerce.com/cricket-balls/,,,
,,,,,,http://live-you-sport.mybigcommerce.com/gloves/,,,
,,,,,,http://live-you-sport.mybigcommerce.com/cricket-helmets/,,,
,,,,,,http://live-you-sport.mybigcommerce.com/cricket-bags/,,,
,,,,,,http://live-you-sport.mybigcommerce.com/cricket-kits/,,,
,,,,,,http://live-you-sport.mybigcommerce.com/cricket-stumps/,,,
,,,,,,http://live-you-sport.mybigcommerce.com/cricket-pads-and-guards/,,,
,,,,,,http://live-you-sport.mybigcommerce.com/cricket-shoes/,,,
,,,,,,http://live-you-sport.mybigcommerce.com/cricket-ball-machine/,,,
,,,,,,http://live-you-sport.mybigcommerce.com/cricket-apparels/,,,
,,,,,,http://live-you-sport.mybigcommerce.com/cricket-accessories/,,,
,,,,,,http://live-you-sport.mybigcommerce.com/football/,,,
,,,,,,http://live-you-sport.mybigcommerce.com/footballs/,,,
,,,,,,http://live-you-sport.mybigcommerce.com/football-goalkeeper-gloves/,,,
,,,,,,http://live-you-sport.mybigcommerce.com/football-shin-pad/,,,
,,,,,,http://live-you-sport.mybigcommerce.com/football-shoes/,,,
,,,,,,http://live-you-sport.mybigcommerce.com/football-goal-post/,,,
,,,,,,http://live-you-sport.mybigcommerce.com/football-nets/,,,
,,,,,,http://live-you-sport.mybigcommerce.com/football-training/,,,
,,,,,,http://live-you-sport.mybigcommerce.com/football-pump/,,,
,,,,,,http://live-you-sport.mybigcommerce.com/football-apparel/,,,
,,,,,,http://live-you-sport.mybigcommerce.com/football-accessories/,,,
,,,,,,http://live-you-sport.mybigcommerce.com/hockey/,,,
,,,,,,http://live-you-sport.mybigcommerce.com/hockey-sticks/,,,
,,,,,,http://live-you-sport.mybigcommerce.com/hockey-balls/,,,
,,,,,,http://live-you-sport.mybigcommerce.com/hockey-bags/,,,
,,,,,,http://live-you-sport.mybigcommerce.com/hockey-gloves/,,,
,,,,,,http://live-you-sport.mybigcommerce.com/hockey-protective-gear/,,,
,,,,,,http://live-you-sport.mybigcommerce.com/hockey-shoes/,,,
,,,,,,http://live-you-sport.mybigcommerce.com/hockey-accessories/,,,
,,,,,,http://live-you-sport.mybigcommerce.com/basketball/,,,
,,,,,,http://live-you-sport.mybigcommerce.com/basketballs/,,,
,,,,,,http://live-you-sport.mybigcommerce.com/basketball-back-boards/,,,
,,,,,,http://live-you-sport.mybigcommerce.com/Basketball-rings/,,,
,,,,,,http://live-you-sport.mybigcommerce.com/basketball-stands/,,,
,,,,,,http://live-you-sport.mybigcommerce.com/basketball-nets/,,,
,,,,,,http://live-you-sport.mybigcommerce.com/basketball-shoes/,,,
,,,,,,http://live-you-sport.mybigcommerce.com/Basketball-apparel/,,,
,,,,,,http://live-you-sport.mybigcommerce.com/basketball-accessories/,,,
,,,,,,http://live-you-sport.mybigcommerce.com/volleyball/,,,
,,,,,,http://live-you-sport.mybigcommerce.com/volleyball-balls/,,,
,,,,,,http://live-you-sport.mybigcommerce.com/volleyball-nets/,,,
,,,,,,http://live-you-sport.mybigcommerce.com/volleyball-shoes/,,,
,,,,,,http://live-you-sport.mybigcommerce.com/volleyball-apparels/,,,
,,,,,,http://live-you-sport.mybigcommerce.com/run-cycle/,,,
,,,,,,http://live-you-sport.mybigcommerce.com/running/,,,
,,,,,,http://live-you-sport.mybigcommerce.com/running-shoes/,,,
,,,,,,http://live-you-sport.mybigcommerce.com/running-spikes/,,,
,,,,,,http://live-you-sport.mybigcommerce.com/activity-trackers/,,,
,,,,,,http://live-you-sport.mybigcommerce.com/running-heart-rate-monitors/,,,
,,,,,,http://live-you-sport.mybigcommerce.com/running-watches/,,,
,,,,,,http://live-you-sport.mybigcommerce.com/running-bottles/,,,
,,,,,,http://live-you-sport.mybigcommerce.com/apparels/,,,
,,,,,,http://live-you-sport.mybigcommerce.com/running-accessories/,,,
,,,,,,http://live-you-sport.mybigcommerce.com/cycling/,,,
,,,,,,http://live-you-sport.mybigcommerce.com/mountain-bikes/,,,
,,,,,,http://live-you-sport.mybigcommerce.com/road-bikes/,,,
,,,,,,http://live-you-sport.mybigcommerce.com/junior-bikes/,,,
,,,,,,http://live-you-sport.mybigcommerce.com/cycling-1/,,,
,,,,,,http://live-you-sport.mybigcommerce.com/bike-wheels/,,,
,,,,,,http://live-you-sport.mybigcommerce.com/freewheels/,,,
,,,,,,http://live-you-sport.mybigcommerce.com/bicylce-chains/,,,
,,,,,,http://live-you-sport.mybigcommerce.com/bicycle-etyres/,,,
,,,,,,http://live-you-sport.mybigcommerce.com/bicycle-saddles/,,,
,,,,,,http://live-you-sport.mybigcommerce.com/bicycle-mudguards/,,,
,,,,,,http://live-you-sport.mybigcommerce.com/bells/,,,
,,,,,,http://live-you-sport.mybigcommerce.com/break-parts/,,,
,,,,,,http://live-you-sport.mybigcommerce.com/bicycle-computers/,,,
,,,,,,http://live-you-sport.mybigcommerce.com/bicycle-tape/,,,
,,,,,,http://live-you-sport.mybigcommerce.com/bicycle-bottle-cages/,,,
,,,,,,http://live-you-sport.mybigcommerce.com/bike-rack/,,,
,,,,,,http://live-you-sport.mybigcommerce.com/bicycle-other-parts/,,,
,,,,,,http://live-you-sport.mybigcommerce.com/cycling-gear/,,,
,,,,,,http://live-you-sport.mybigcommerce.com/cycling-bags/,,,
,,,,,,http://live-you-sport.mybigcommerce.com/tyres-tubes/,,,
,,,,,,http://live-you-sport.mybigcommerce.com/cycling-gloves/,,,
,,,,,,http://live-you-sport.mybigcommerce.com/cycling-helmets/,,,
,,,,,,http://live-you-sport.mybigcommerce.com/cycling-locks/,,,
,,,,,,http://live-you-sport.mybigcommerce.com/cycling-lights/,,,
,,,,,,http://live-you-sport.mybigcommerce.com/lubricants/,,,
,,,,,,http://live-you-sport.mybigcommerce.com/cycling-masks/,,,
,,,,,,http://live-you-sport.mybigcommerce.com/cycling-sunglass/,,,
,,,,,,http://live-you-sport.mybigcommerce.com/shoes-1/,,,
,,,,,,http://live-you-sport.mybigcommerce.com/pumps-1/,,,
,,,,,,http://live-you-sport.mybigcommerce.com/cycling-tools/,,,
,,,,,,http://live-you-sport.mybigcommerce.com/cycling-apparels/,,,
,,,,,,http://live-you-sport.mybigcommerce.com/cycling-gear-1/,,,
,,,,,,http://live-you-sport.mybigcommerce.com/other-sports/,,,
,,,,,,http://live-you-sport.mybigcommerce.com/golf/,,,
,,,,,,http://live-you-sport.mybigcommerce.com/putters/,,,
,,,,,,http://live-you-sport.mybigcommerce.com/golf-irons/,,,
,,,,,,http://live-you-sport.mybigcommerce.com/golf-drivers/,,,
,,,,,,http://live-you-sport.mybigcommerce.com/golf-wedges/,,,
,,,,,,http://live-you-sport.mybigcommerce.com/golf-clubs/,,,
,,,,,,http://live-you-sport.mybigcommerce.com/carts-bags-trolleys/,,,
,,,,,,http://live-you-sport.mybigcommerce.com/golf-balls/,,,
,,,,,,http://live-you-sport.mybigcommerce.com/gloves-5/,,,
,,,,,,http://live-you-sport.mybigcommerce.com/golf-shoes/,,,
,,,,,,http://live-you-sport.mybigcommerce.com/complete-golf-sets/,,,
,,,,,,http://live-you-sport.mybigcommerce.com/golf-fairway-woods/,,,
,,,,,,http://live-you-sport.mybigcommerce.com/golf-apparels/,,,
,,,,,,http://live-you-sport.mybigcommerce.com/golf-accessories/,,,
,,,,,,http://live-you-sport.mybigcommerce.com/adventure-and-outdoor/,,,
,,,,,,http://live-you-sport.mybigcommerce.com/fishing-equipment/,,,
,,,,,,http://live-you-sport.mybigcommerce.com/surfing-equipment/,,,
,,,,,,http://live-you-sport.mybigcommerce.com/diving-equipment/,,,
,,,,,,http://live-you-sport.mybigcommerce.com/climbing/,,,
,,,,,,http://live-you-sport.mybigcommerce.com/kayaking-equipment/,,,
,,,,,,http://live-you-sport.mybigcommerce.com/sailing-equipment/,,,
,,,,,,http://live-you-sport.mybigcommerce.com/target-sports/,,,
,,,,,,http://live-you-sport.mybigcommerce.com/horse-riding/,,,
,,,,,,http://live-you-sport.mybigcommerce.com/hiking-and-mountaineering/,,,
,,,,,,http://live-you-sport.mybigcommerce.com/hiking-backpacks/,,,
,,,,,,http://live-you-sport.mybigcommerce.com/climbing-1/,,,
,,,,,,http://live-you-sport.mybigcommerce.com/tents/,,,
,,,,,,http://live-you-sport.mybigcommerce.com/rucksacks/,,,
,,,,,,http://live-you-sport.mybigcommerce.com/backpacks/,,,
,,,,,,http://live-you-sport.mybigcommerce.com/sleeping-bags-1/,,,
,,,,,,http://live-you-sport.mybigcommerce.com/hiking-shoes/,,,
,,,,,,http://live-you-sport.mybigcommerce.com/apparel/,,,
,,,,,,http://live-you-sport.mybigcommerce.com/accessories/,,,
,,,,,,http://live-you-sport.mybigcommerce.com/swimming/,,,
,,,,,,http://live-you-sport.mybigcommerce.com/swimming-fins/,,,
,,,,,,http://live-you-sport.mybigcommerce.com/swimming-costumes/,,,
,,,,,,http://live-you-sport.mybigcommerce.com/swimming-goggles/,,,
,,,,,,http://live-you-sport.mybigcommerce.com/swimming-caps/,,,
,,,,,,http://live-you-sport.mybigcommerce.com/swimming-electronics/,,,
,,,,,,http://live-you-sport.mybigcommerce.com/snorkels-1/,,,
,,,,,,http://live-you-sport.mybigcommerce.com/swimming-training-accessories/,,,
,,,,,,http://live-you-sport.mybigcommerce.com/boxing/,,,
,,,,,,http://live-you-sport.mybigcommerce.com/boxing-gloves/,,,
,,,,,,http://live-you-sport.mybigcommerce.com/boxing-chains/,,,
,,,,,,http://live-you-sport.mybigcommerce.com/boxing-punching-bags/,,,
,,,,,,http://live-you-sport.mybigcommerce.com/boxing-protective-gear/,,,
,,,,,,http://live-you-sport.mybigcommerce.com/boxing-shoes/,,,
,,,,,,http://live-you-sport.mybigcommerce.com/boxing-apparels/,,,
,,,,,,http://live-you-sport.mybigcommerce.com/boxing-accessories/,,,
,,,,,,http://live-you-sport.mybigcommerce.com/more-sports/,,,
,,,,,,http://live-you-sport.mybigcommerce.com/bas/,,,
,,,,,,http://live-you-sport.mybigcommerce.com/rollers-equipment/,,,
,,,,,,http://live-you-sport.mybigcommerce.com/rugby-equipment/,,,
,,,,,,http://live-you-sport.mybigcommerce.com/darts/,,,
,,,,,,http://live-you-sport.mybigcommerce.com/chess-1/,,,
,,,,,,http://live-you-sport.mybigcommerce.com/carrom/,,,
,,,,,,http://live-you-sport.mybigcommerce.com/games/,,,
,,,,,,http://live-you-sport.mybigcommerce.com/pool/,,,
,,,,,,http://live-you-sport.mybigcommerce.com/athletics/,,,
,,,,,,http://live-you-sport.mybigcommerce.com/fencing/,,,
,,,,,,http://live-you-sport.mybigcommerce.com/lacrosse-equipment/,,,
,,,,,,http://live-you-sport.mybigcommerce.com/walking-equipment/,,,
,,,,,,http://live-you-sport.mybigcommerce.com/skate-board/,,,
,,,,,,http://live-you-sport.mybigcommerce.com/water-sports-equipment/,,,
,,,,,,http://live-you-sport.mybigcommerce.com/scooter/,,,
,,,,,,http://live-you-sport.mybigcommerce.com/martial-arts-equipment/,,,
,,,,,,http://live-you-sport.mybigcommerce.com/tug-of-war--equipment/,,,
,,,,,,http://live-you-sport.mybigcommerce.com/ice-hockey-equipment/,,,
,,,,,,http://live-you-sport.mybigcommerce.com/fitness/,,,
,,,,,,http://live-you-sport.mybigcommerce.com/weights-1/,,,
,,,,,,http://live-you-sport.mybigcommerce.com/dumbbells/,,,
,,,,,,http://live-you-sport.mybigcommerce.com/kettlebells/,,,
,,,,,,http://live-you-sport.mybigcommerce.com/barbells/,,,
,,,,,,http://live-you-sport.mybigcommerce.com/medicine-balls/,,,
,,,,,,http://live-you-sport.mybigcommerce.com/weight-discs/,,,
,,,,,,http://live-you-sport.mybigcommerce.com/weight-racks/,,,
,,,,,,http://live-you-sport.mybigcommerce.com/power-block/,,,
,,,,,,http://live-you-sport.mybigcommerce.com/power-bags/,,,
,,,,,,http://live-you-sport.mybigcommerce.com/vipr/,,,
,,,,,,http://live-you-sport.mybigcommerce.com/ankle-wrist-weights/,,,
,,,,,,http://live-you-sport.mybigcommerce.com/weight-lifting-jackets/,,,
,,,,,,http://live-you-sport.mybigcommerce.com/more-weight-accessories/,,,
,,,,,,http://live-you-sport.mybigcommerce.com/fitness-machines/,,,
,,,,,,http://live-you-sport.mybigcommerce.com/stepper/,,,
,,,,,,http://live-you-sport.mybigcommerce.com/treadmills/,,,
,,,,,,http://live-you-sport.mybigcommerce.com/elliptical-trainers/,,,
,,,,,,http://live-you-sport.mybigcommerce.com/exercise-bikes/,,,
,,,,,,http://live-you-sport.mybigcommerce.com/massagers/,,,
,,,,,,http://live-you-sport.mybigcommerce.com/rowers/,,,
,,,,,,http://live-you-sport.mybigcommerce.com/fitness-machines-accessories/,,,
,,,,,,http://live-you-sport.mybigcommerce.com/strength-training/,,,
,,,,,,http://live-you-sport.mybigcommerce.com/benches/,,,
,,,,,,http://live-you-sport.mybigcommerce.com/multi-gym/,,,
,,,,,,http://live-you-sport.mybigcommerce.com/grips-2/,,,
,,,,,,http://live-you-sport.mybigcommerce.com/smith-machine/,,,
,,,,,,http://live-you-sport.mybigcommerce.com/power-tower/,,,
,,,,,,http://live-you-sport.mybigcommerce.com/abs-and-core/,,,
,,,,,,http://live-you-sport.mybigcommerce.com/pull-up-push-up-bars-1/,,,
,,,,,,http://live-you-sport.mybigcommerce.com/lower-body-training/,,,
,,,,,,http://live-you-sport.mybigcommerce.com/upper-body-training/,,,
,,,,,,http://live-you-sport.mybigcommerce.com/back-training-equipment/,,,
,,,,,,http://live-you-sport.mybigcommerce.com/combos/,,,
,,,,,,http://live-you-sport.mybigcommerce.com/strength-training-accessories/,,,
,,,,,,http://live-you-sport.mybigcommerce.com/yoga-and-pilates/,,,
,,,,,,http://live-you-sport.mybigcommerce.com/mats/,,,
,,,,,,http://live-you-sport.mybigcommerce.com/stability-balls/,,,
,,,,,,http://live-you-sport.mybigcommerce.com/apparels-1/,,,
,,,,,,http://live-you-sport.mybigcommerce.com/yoga-pilates-accessories/,,,
,,,,,,http://live-you-sport.mybigcommerce.com/fitness-accessories/,,,
,,,,,,http://live-you-sport.mybigcommerce.com/bags/,,,
,,,,,,http://live-you-sport.mybigcommerce.com/gloves-9/,,,
,,,,,,http://live-you-sport.mybigcommerce.com/step-board/,,,
,,,,,,http://live-you-sport.mybigcommerce.com/twisters/,,,
,,,,,,http://live-you-sport.mybigcommerce.com/ice-bath/,,,
,,,,,,http://live-you-sport.mybigcommerce.com/cardio/,,,
,,,,,,http://live-you-sport.mybigcommerce.com/foam-rollers/,,,
,,,,,,http://live-you-sport.mybigcommerce.com/resistance-bands/,,,
,,,,,,http://live-you-sport.mybigcommerce.com/training-shoes/,,,
,,,,,,http://live-you-sport.mybigcommerce.com/rehab/,,,
,,,,,,http://live-you-sport.mybigcommerce.com/balance-and-flexibility/,,,
,,,,,,http://live-you-sport.mybigcommerce.com/accessories-1/,,,
,,,,,,http://live-you-sport.mybigcommerce.com/shoes/,,,
,,,,,,http://live-you-sport.mybigcommerce.com/mens-shoes/,,,
,,,,,,http://live-you-sport.mybigcommerce.com/cross-training-shoes/,,,
,,,,,,http://live-you-sport.mybigcommerce.com/womens-running-shoes/,,,
,,,,,,http://live-you-sport.mybigcommerce.com/motion-control-running/,,,
,,,,,,http://live-you-sport.mybigcommerce.com/neutral-running/,,,
,,,,,,http://live-you-sport.mybigcommerce.com/performance-neutral-running/,,,
,,,,,,http://live-you-sport.mybigcommerce.com/performance-stability-running/,,,
,,,,,,http://live-you-sport.mybigcommerce.com/stability-running/,,,
,,,,,,http://live-you-sport.mybigcommerce.com/womens-shoes/,,,
,,,,,,http://live-you-sport.mybigcommerce.com/cross-training-shoes-1/,,,
,,,,,,/brands-1/,,,
,,,,,,http://www.liveyoursport.com/products/fitbit-charge-wireless-activity-wristband-black,,,
,,,,,,http://live-you-sport.mybigcommerce.com/squash-shoes/,,,
,,,,,,http://live-you-sport.mybigcommerce.com/products/tecnifibre-carboflex-125-squash-racket,,,
,,,,,,http://live-you-sport.mybigcommerce.com/running-heart-rate-monitors/,,,
,,,,,,http://live-you-sport.mybigcommerce.com/brands/Giant.html,,,
,,,,,,http://live-you-sport.mybigcommerce.com/why-lys,,,
,,,,,,http://live-you-sport.mybigcommerce.com/who-we-are/,,,
,,,,,,http://live-you-sport.mybigcommerce.com/our-offering/,,,
,,,,,,http://live-you-sport.mybigcommerce.com/lys-philosophy/,,,
,,,,,,http://www.liveyoursport.com/blog/,,,
,,,,,,http://live-you-sport.mybigcommerce.com/contact-us,,,
,,,,,,http://live-you-sport.mybigcommerce.com/return-policy/,,,
,,,,,,http://live-you-sport.mybigcommerce.com/returns-form/,,,
,,,,,,http://live-you-sport.mybigcommerce.com/get-what-you-want,,,
,,,,,,http://live-you-sport.mybigcommerce.com/bulk-orders,,,
,,,,,,http://www.liveyoursport.com/services/,,,
,,,,,,http://live-you-sport.mybigcommerce.com/cart.php,,,
,,,,,,http://live-you-sport.mybigcommerce.com/wishlist.php,,,
