Product Name,ASIN,Junglee URL,Image URL
Rishon Sport Tools Junior Reaction Ball (Made Of High Quality Pvc Rubber)*,B00MJ04Q90,http://www.junglee.com/Rishon-Sport-Tools-Reaction-Quality/dp/B00MJ04Q90,http://ec2.images-amazon.com/images/I/41zuP0MypfL._AA300_.jpg
Cosco Gym Ball,B00H7VDNEU,http://www.junglee.com/Cosco-LYSL2021-Gym-Ball/dp/B00H7VDNEU,http://ec2.images-amazon.com/images/I/31hsBqp0G6L._AA300_.jpg
Unicorn Gold Medal Steel Tip Darts,B00906W38C,http://www.junglee.com/Unicorn-Gold-Medal-Steel-Darts/dp/B00906W38C,http://ec2.images-amazon.com/images/I/61aCzaMJ6TL._AA1000_.jpg,http://ec2.images-amazon.com/images/I/91UWVKg4IBL._AA1000_.jpg
Sudu Bibs,B00H2HX2MC,http://www.junglee.com/Sudu-LYSM190-Bibs/dp/B00H2HX2MC,http://ec2.images-amazon.com/images/I/31-kUQdE%2BtL._AA300_.jpg
USI Wrist Ball I,B00H7VHCW4,http://www.junglee.com/USI-LYSK429-Wrist-Ball-I/dp/B00H7VHCW4,http://ec2.images-amazon.com/images/I/310C7OxeobL._AA300_.jpg
Sudu Pro Jumper,B00H2HWY9E,http://www.junglee.com/Sudu-LYSM185-Pro-Jumper/dp/B00H2HWY9E,http://ec2.images-amazon.com/images/I/31Iz1rdnZNL._AA300_.jpg
Sudu Pro Multi Jumper,B00H2HWW78,http://www.junglee.com/Sudu-LYSM183-Pro-Multi-Jumper/dp/B00H2HWW78,http://ec2.images-amazon.com/images/I/21rkoCi00-L._AA300_.jpg
Sudu Evasion Belt,B00H2HWJY4,http://www.junglee.com/Sudu-LYSM179-Evasion-Belt/dp/B00H2HWJY4,http://ec2.images-amazon.com/images/I/41aIR43tPJL._AA300_.jpg
SKLZ Life Line Power Push Up,B00H2I1JJO,http://www.junglee.com/SKLZ-Life-Line-Power-Push/dp/B00H2I1JJO,http://ec2.images-amazon.com/images/I/31NTdse15oL._AA300_.jpg
Sklz Hopz Pro Vertical Jump Trainer,B00E91W6LM,http://www.junglee.com/Sklz-Hopz-Vertical-Jump-Trainer/dp/B00E91W6LM,http://ec2.images-amazon.com/images/I/51UoaDklPdL._AA300_.jpg
SKLZ Life Line Pull up Revolution,B00H2I1HCI,http://www.junglee.com/SKLZ-Life-Line-Pull-Revolution/dp/B00H2I1HCI,http://ec2.images-amazon.com/images/I/31m7gleqGHL._AA300_.jpg
"Suunto Core Regular Black Sports Watch, Black",B00H7V7T36,http://www.junglee.com/Suunto-Regular-Black-Sports-Watch/dp/B00H7V7T36,http://ec2.images-amazon.com/images/I/51hHI74b0CL._AA300_.jpg
Ecowellness Open Patella With Terry Cloth Wrist Support,B00FYS871W,http://www.junglee.com/Ecowellness-Patella-Terry-Cloth-Support/dp/B00FYS871W,http://ec2.images-amazon.com/images/I/311vqHqUOWL._AA300_.jpg
Sudu Rope With 2 Looped Ends,B00H2HX39E,http://www.junglee.com/Sudu-Rope-With-Looped-Ends/dp/B00H2HX39E,http://ec2.images-amazon.com/images/I/31OOcicMHyL._AA300_.jpg
Sudu Plastic Goal Post Ii,B00H2HX6M8,http://www.junglee.com/Sudu-Plastic-Goal-Post-Ii/dp/B00H2HX6M8,http://ec2.images-amazon.com/images/I/31NM%2Bt-z%2B%2BL._AA300_.jpg
SKLZ Stability Ball (75 cm),B00E91UDWQ,http://www.junglee.com/SKLZ-Stability-Ball-75-cm/dp/B00E91UDWQ,http://ec2.images-amazon.com/images/I/31uymgGVIsL._AA300_.jpg
Agility Ladder,B00H2HSMO0,http://www.junglee.com/Cosco-1000237-Agility-Ladder/dp/B00H2HSMO0,http://ec2.images-amazon.com/images/I/31kGKgaSIwL._AA300_.jpg
Sudu Power Sled,B00H2HWUGG,http://www.junglee.com/Sudu-LYSM181-Power-Sled/dp/B00H2HWUGG,http://ec2.images-amazon.com/images/I/31ID1zpXNZL._AA300_.jpg
Cosco CB-150E Badminton Racket (With Full Cover),B00EYY6OUS,http://www.junglee.com/Cosco-CB-150E-Badminton-Racket-Cover/dp/B00EYY6OUS,http://ec2.images-amazon.com/images/I/31stTnqWrRL._AA300_.jpg
Ecowellness Soft Hand Grip,B00KPS9KRQ,http://www.junglee.com/Ecowellness-LYSN582-Soft-Hand-Grip/dp/B00KPS9KRQ,http://ec2.images-amazon.com/images/I/41x78%2BOvlQL._AA300_.jpg
Usi Door Sit Up Support,B00JY9CI12,http://www.junglee.com/Usi-Door-Sit-Up-Support/dp/B00JY9CI12,http://ec2.images-amazon.com/images/I/31xLufm534L._AA300_.jpg
Mio ALPHA Heart Rate Monitor/Sport Watch*,B00X7BSNFS,http://www.junglee.com/Mio-ALPHA-Heart-Monitor-Sport/dp/B00X7BSNFS,http://ec2.images-amazon.com/images/I/41qOpEQ-c7L._AA300_.jpg
Body Sculpture Massage Twister Bb 920 B,B00MJ02YG2,http://www.junglee.com/Body-Sculpture-Massage-Twister-920/dp/B00MJ02YG2,http://ec2.images-amazon.com/images/I/41V9V1X%2B1BL._AA300_.jpg
Usi Lifting Hooks,B00JY9CRI6,http://www.junglee.com/USI-LYSN568-Usi-Lifting-Hooks/dp/B00JY9CRI6,http://ec2.images-amazon.com/images/I/318oRqfFA7L._AA300_.jpg
Tynor Insole Full Silicon,B00QBYNOTI,http://www.junglee.com/Tynor-LYSN3178C-Insole-Full-Silicon/dp/B00QBYNOTI,http://ec2.images-amazon.com/images/I/41S20cgP7EL._AA300_.jpg
"Ecowellness Anti Brust Gym Ball 22"" (56 Cm)",B00KPS9W06,http://www.junglee.com/Ecowellness-Anti-Brust-Gym-Ball/dp/B00KPS9W06,http://ec2.images-amazon.com/images/I/31qi3a8l2XL._AA300_.jpg
Usi Adjustable Expander 2 Cords,B00JSP6AGQ,http://www.junglee.com/Usi-Adjustable-Expander-2-Cords/dp/B00JSP6AGQ,http://ec2.images-amazon.com/images/I/31%2BBC-cMqcL._AA300_.jpg
USI Massage Roller,B00H7VHFS0,http://www.junglee.com/USI-LYSK306-Massage-Roller/dp/B00H7VHFS0,http://ec2.images-amazon.com/images/I/311PRqX-%2BnL._AA300_.jpg
Iso Solid Power Lifting Straps (Nb52),B00QBRU64G,http://www.junglee.com/Iso-Solid-Power-Lifting-Straps/dp/B00QBRU64G,http://ec2.images-amazon.com/images/I/31wAsVF4GuL._AA300_.jpg
Tynor Universal Shoulder Immobilizer,B00JSP71C8,http://www.junglee.com/Tynor-LYSN3138-Universal-Shoulder-Immobilizer/dp/B00JSP71C8,http://ec2.images-amazon.com/images/I/412o33icv5L._AA300_.jpg
Nivia Premier Traning Belt 42 Inches Eva Padded,B00QBY2X40,http://www.junglee.com/Nivia-Premier-Traning-Inches-Padded/dp/B00QBY2X40,http://ec2.images-amazon.com/images/I/4188mOneFhL._AA300_.jpg
Sof Sole Airr Perf Cush,B00IFYJ7B6,http://www.junglee.com/Sof-Sole-Airr-Perf-Cush/dp/B00IFYJ7B6,http://ec2.images-amazon.com/images/I/31VZMFSNWvL._AA300_.jpg
Tynor Knee Wrap (Neoprene),B00JSP7JL6,http://www.junglee.com/Tynor-LYSN3173-Knee-Wrap-Neoprene/dp/B00JSP7JL6,http://ec2.images-amazon.com/images/I/31Mph0b-hlL._AA300_.jpg
Ecowellness Digital Hand Grip,B00KPS9M4C,http://www.junglee.com/Ecowellness-LYSN584-Digital-Hand-Grip/dp/B00KPS9M4C,http://ec2.images-amazon.com/images/I/41JvW4pr2FL._AA300_.jpg
Coghlans Double Hammock,B006EHA1PC,http://www.junglee.com/Coghlans-0112-Double-Hammock/dp/B006EHA1PC,http://ec2.images-amazon.com/images/I/81TyhrcHWwL._AA1000_.jpg
Sudu Pogo Stick (Large),B00ITK2UZG,http://www.junglee.com/Sudu-LYSN2865-Pogo-Stick-Large/dp/B00ITK2UZG,http://ec2.images-amazon.com/images/I/31lxA0aFOBL._AA300_.jpg
Cosco Allround Classic Table Tennis Blades,B00ID6PGZW,http://www.junglee.com/Cosco-Allround-Classic-Tennis-Blades/dp/B00ID6PGZW,http://ec2.images-amazon.com/images/I/31EekUe5ZLL._AA300_.jpg
HAND-PUMP-CAMPING-INFLATABLE-BED,B00UFFT4Y8,http://www.junglee.com/Quechua-DECA1336502-HAND-PUMP-CAMPING-INFLATABLE-BED/dp/B00UFFT4Y8,http://ec2.images-amazon.com/images/I/41fGxeFZ3bL._AA300_.jpg
"Suunto Movestick Mini, Black",B00B832MGI,http://www.junglee.com/Suunto-1001174-Movestick-Mini-Black/dp/B00B832MGI,http://ec2.images-amazon.com/images/I/511-J-3bvjL._AA1000_.jpg,http://ec2.images-amazon.com/images/I/51bp5zjNzlL._AA1000_.jpg,http://ec2.images-amazon.com/images/I/51bp5zjNzlL._AA1000_.jpg,http://ec2.images-amazon.com/images/I/511-J-3bvjL._AA1000_.jpg
Cosco Blaster Cricket Bat,B00FDC9OC0,http://www.junglee.com/Cosco-1000440-Blaster-Cricket-Bat/dp/B00FDC9OC0,http://ec2.images-amazon.com/images/I/41eZwdsNJ9L._AA1000_.jpg
Garmin Forerunner 310XT Running GPS Watch With Heart Rate Monitor,B00X7A7TMM,http://www.junglee.com/Garmin-Forerunner-310XT-Running-Monitor/dp/B00X7A7TMM,http://ec2.images-amazon.com/images/I/61lfEvGA%2BJL._AA1000_.jpg
Impertus IPEGA PG-9021 Classic Bluetooth Gamepad for Smartphones - Black*,B00ZRG0MV4,http://www.junglee.com/Impertus-PG-9021-Classic-Bluetooth-Smartphones/dp/B00ZRG0MV4,http://ec2.images-amazon.com/images/I/21D4E-eDCcL._AA300_.jpg
Tynor Pattelar Support,B00JSP78XA,http://www.junglee.com/Tynor-LYSN3152-Pattelar-Support/dp/B00JSP78XA,http://ec2.images-amazon.com/images/I/31ELwl1USIL._AA300_.jpg
Usi Soft Expander,B00JSP6FWU,http://www.junglee.com/USI-LYSN3036-Usi-Soft-Expander/dp/B00JSP6FWU,http://ec2.images-amazon.com/images/I/310Sfnm7rJL._AA300_.jpg
Raleigh SPORTS KID 20 Bicycle*,B010DSHHOA,http://www.junglee.com/Raleigh-SPORTS-KID-20-Bicycle/dp/B010DSHHOA,http://ec2.images-amazon.com/images/I/71H0N4rq7BL._AA1000_.jpg
Next Lined Up 29 Min. D Cup Sports Bra Top*,B00VA5LVKC,http://www.junglee.com/Next-Lined-Min-Cup-Sports/dp/B00VA5LVKC,http://ec2.images-amazon.com/images/I/71HB2WSLuAL._AA1000_.jpg
Sof Sole Airr Orthotic,B00IFYJBWG,http://www.junglee.com/Sof-Sole-LYSN9505-Airr-Orthotic/dp/B00IFYJBWG,http://ec2.images-amazon.com/images/I/316D6rJBjAL._AA300_.jpg
As Sports Leather Army Pt Ankle Length Shoes (black),B00X7C5DXM,http://www.junglee.com/Sports-Leather-Ankle-Length-Shoes/dp/B00X7C5DXM,http://ec2.images-amazon.com/images/I/61ghR4v6OwL._AA1000_.jpg
Usi Strength Bag*,B00JY9CKU6,http://www.junglee.com/USI-LYSN505-Usi-Strength-Bag/dp/B00JY9CKU6,http://ec2.images-amazon.com/images/I/31qVIA7-fML._AA300_.jpg
Usi Bar Resistance Trainer,B00JSP568Y,http://www.junglee.com/USI-LYSN2963-Usi-Resistance-Trainer/dp/B00JSP568Y,http://ec2.images-amazon.com/images/I/31swQaB5ijL._AA300_.jpg
Ecowellness Power Band Set,B00KPS9SF0,http://www.junglee.com/Ecowellness-LYSN591-Power-Band-Set/dp/B00KPS9SF0,http://ec2.images-amazon.com/images/I/31hhS8PetlL._AA300_.jpg
Sof Sole Gel Heel Pad,B00IFYJ94Q,http://www.junglee.com/Sof-Sole-Gel-Heel-Pad/dp/B00IFYJ94Q,http://ec2.images-amazon.com/images/I/21wUs03PkxL._AA300_.jpg
Sklz Sklz Life Line Cable R3 Resistance Tube,B00JMYKZC8,http://www.junglee.com/Sklz-Life-Line-Cable-Resistance/dp/B00JMYKZC8,http://ec2.images-amazon.com/images/I/319opcna3XL._AA300_.jpg
Usi Power Wrist Training,B00JY9CLOQ,http://www.junglee.com/USI-LYSN508-Power-Wrist-Training/dp/B00JY9CLOQ,http://ec2.images-amazon.com/images/I/41NOzn3tB6L._AA300_.jpg
Usi Wrist Wrap,B00QBXVTFA,http://www.junglee.com/USI-LYSN7342-Usi-Wrist-Wrap/dp/B00QBXVTFA,http://ec2.images-amazon.com/images/I/41aZh-V240L._AA300_.jpg
Mc David Ankle Guard 6522,B00T98WGZ6,http://www.junglee.com/Mc-David-Ankle-Guard-6522/dp/B00T98WGZ6,http://ec2.images-amazon.com/images/I/31QFD6Nl00L._AA300_.jpg
Ecowellness Toning Ball 2 Kg*,B00KPSA0Z2,http://www.junglee.com/Ecowellness-Toning-Ball-2-Kg/dp/B00KPSA0Z2,http://ec2.images-amazon.com/images/I/417jW3B6s7L._AA300_.jpg
As Sports High Ancle Leather Shoes (black),B00X7AG00Y,http://www.junglee.com/Sports-Ancle-Leather-Shoes-black/dp/B00X7AG00Y,http://ec2.images-amazon.com/images/I/61u4moUmpYL._AA1000_.jpg
Head Push Up Bar 2 Pcs / Pr*,B00MJ1P4ZE,http://www.junglee.com/Head-Push-Up-Bar-Pcs/dp/B00MJ1P4ZE,http://ec2.images-amazon.com/images/I/41LdU9i9ZHL._AA300_.jpg
Iso Solid Leather Head Harness (Ma307 V)*,B00QBRVLBS,http://www.junglee.com/Iso-Solid-Leather-Harness-Ma307/dp/B00QBRVLBS,http://ec2.images-amazon.com/images/I/31S2uYhfbdL._AA300_.jpg
"Suunto Ambit 2 Heart Rate Monitor, Black",B00JSP6JIU,http://www.junglee.com/Suunto-Ambit-Heart-Monitor-Black/dp/B00JSP6JIU,http://ec2.images-amazon.com/images/I/41s0mioZNqL._AA300_.jpg
Usi Lumber Support Belt,B00QBSAIH0,http://www.junglee.com/USI-LYSN3022A-Lumber-Support-Belt/dp/B00QBSAIH0,http://ec2.images-amazon.com/images/I/31JvmXi0EJL._AA300_.jpg
Ecowellness Pilates Band,B00KPS9T5E,http://www.junglee.com/Ecowellness-LYSN592-Pilates-Band/dp/B00KPS9T5E,http://ec2.images-amazon.com/images/I/31imyLkUdLL._AA300_.jpg
Ecowellness Toning Ball 1 Kg*,B00KPSA08Y,http://www.junglee.com/Ecowellness-Toning-Ball-1-Kg/dp/B00KPSA08Y,http://ec2.images-amazon.com/images/I/419rq83%2B1tL._AA300_.jpg
Iso Solid Sling Trainer Yellow & Black,B00QBRS1E8,http://www.junglee.com/Iso-Solid-Sling-Trainer-Yellow/dp/B00QBRS1E8,http://ec2.images-amazon.com/images/I/31ad74JPNxL._AA300_.jpg
Sklz Life Line Tripple Grip Handle Resistance Tube,B00JMYLD7Y,http://www.junglee.com/Sklz-Life-Tripple-Handle-Resistance/dp/B00JMYLD7Y,http://ec2.images-amazon.com/images/I/41Cceha5wnL._AA300_.jpg
Ecowellness Power Band (Latex Aerobic Band) Ii,B00KPS9QPC,http://www.junglee.com/Ecowellness-Power-Band-Latex-Aerobic/dp/B00KPS9QPC,http://ec2.images-amazon.com/images/I/31Ps344UjQL._AA300_.jpg
"Ecowellness Anti Brust Gym Ball 30"" (76 Cm)",B00KPS9XEG,http://www.junglee.com/Ecowellness-Anti-Brust-Gym-Ball/dp/B00KPS9XEG,http://ec2.images-amazon.com/images/I/31qi3a8l2XL._AA300_.jpg
Iso Solid Leather Dipping Strap (Ma310)*,B00QBRTGZQ,http://www.junglee.com/Iso-Solid-Leather-Dipping-Strap/dp/B00QBRTGZQ,http://ec2.images-amazon.com/images/I/31smEGpRjkL._AA300_.jpg
Presto Twister,B00MJ0AA9A,http://www.junglee.com/Presto-LYSN6090-Twister/dp/B00MJ0AA9A,http://ec2.images-amazon.com/images/I/41A1e1lP%2BOL._AA300_.jpg
Ecowellness Body Trimmer Ii,B00KPS9OU4,http://www.junglee.com/Ecowellness-LYSN587-Body-Trimmer-Ii/dp/B00KPS9OU4,http://ec2.images-amazon.com/images/I/31hHD3so%2BpL._AA300_.jpg
"Ecowellness Anti Brust Gym Ball 26"" (65 Cm)",B00KPS9WQA,http://www.junglee.com/Ecowellness-Anti-Brust-Gym-Ball/dp/B00KPS9WQA,http://ec2.images-amazon.com/images/I/31qi3a8l2XL._AA300_.jpg
Healthline Bcm Indian Iron Body,B00MJ0NHFY,http://www.junglee.com/Healthline-Bcm-Indian-Iron-Body/dp/B00MJ0NHFY,http://ec2.images-amazon.com/images/I/31j%2BO6Gf1RL._AA300_.jpg
Sof Sole Airr Arch,B00IFYJ41E,http://www.junglee.com/Sof-Sole-LYSN9503-Airr-Arch/dp/B00IFYJ41E,http://ec2.images-amazon.com/images/I/31Cdh0unZkL._AA300_.jpg
Ecowellness Electronic Chest Pull,B00KPS9N6O,http://www.junglee.com/Ecowellness-LYSN585-Electronic-Chest-Pull/dp/B00KPS9N6O,http://ec2.images-amazon.com/images/I/31b-t6aWUXL._AA300_.jpg
Ecowellness Power Band (Latex Aerobic Band) Iii,B00KPS9RO2,http://www.junglee.com/Ecowellness-Power-Band-Latex-Aerobic/dp/B00KPS9RO2,http://ec2.images-amazon.com/images/I/31TDNUG3NLL._AA300_.jpg
Body Gym Ab Gym*,B00L8WA5QI,http://www.junglee.com/Body-Gym-LYSN4065-Ab/dp/B00L8WA5QI,http://ec2.images-amazon.com/images/I/41O1bSJaV4L._AA300_.jpg
Sof Sole Gel Heel Cup,B00IFYJB1M,http://www.junglee.com/Sof-Sole-Gel-Heel-Cup/dp/B00IFYJB1M,http://ec2.images-amazon.com/images/I/31fx0GG7bpL._AA300_.jpg
USI Power Wrist*,B00H7VHF80,http://www.junglee.com/USI-LYSK424-Power-Wrist/dp/B00H7VHF80,http://ec2.images-amazon.com/images/I/41aZ21B-WdL._AA300_.jpg
Sof Sole Gel Arch Mens,B00IFYJ5F4,http://www.junglee.com/Sof-Sole-Gel-Arch-Mens/dp/B00IFYJ5F4,http://ec2.images-amazon.com/images/I/31FY867KGyL._AA300_.jpg
Ecowellness Toning Ball 3 Kg*,B00KPSA1WE,http://www.junglee.com/Ecowellness-Toning-Ball-3-Kg/dp/B00KPSA1WE,http://ec2.images-amazon.com/images/I/41TMhsqWmRL._AA300_.jpg
Sof Sole Airr Cup M,B00IFYJ130,http://www.junglee.com/Sof-Sole-Airr-Cup-M/dp/B00IFYJ130,http://ec2.images-amazon.com/images/I/31eVS1Q6%2BRL._AA300_.jpg
Tunturi Power Twister 75cm*,B00H7VC5DK,http://www.junglee.com/Tunturi-1000697-Power-Twister-75cm/dp/B00H7VC5DK,http://ec2.images-amazon.com/images/I/21YyOr58E9L._AA300_.jpg
USI Wrist Ball Ii,B00H7VHDK0,http://www.junglee.com/USI-LYSK305-Wrist-Ball-Ii/dp/B00H7VHDK0,http://ec2.images-amazon.com/images/I/310C7OxeobL._AA300_.jpg
Body Sculpture Push Up Bar Bb 633 B*,B00H7VFOFQ,http://www.junglee.com/Body-Sculpture-Push-Bar-633/dp/B00H7VFOFQ,http://ec2.images-amazon.com/images/I/31BMgu2YilL._AA300_.jpg
Nivia Power Twister,B00K3HQZ54,http://www.junglee.com/Nivia-LYSN1347-Power-Twister/dp/B00K3HQZ54,http://ec2.images-amazon.com/images/I/31qkhh7u0BL._AA300_.jpg
Sudu Plastic Goal Post I,B00H2HX614,http://www.junglee.com/Sudu-Plastic-Goal-Post-I/dp/B00H2HX614,http://ec2.images-amazon.com/images/I/31NM%2Bt-z%2B%2BL._AA300_.jpg
Usi Gym Timer,B00JSP52EM,http://www.junglee.com/USI-LYSN2955-Usi-Gym-Timer/dp/B00JSP52EM,http://ec2.images-amazon.com/images/I/418wckTSaOL._AA300_.jpg
USI Battling Rope,B00H7V3XQI,http://www.junglee.com/USI-LYSK411-Battling-Rope/dp/B00H7V3XQI,http://ec2.images-amazon.com/images/I/41mWtAfVpVL._AA300_.jpg
Sklz Hopz Vertical Jump Trainer,B00JMYMSAU,http://www.junglee.com/Sklz-Hopz-Vertical-Jump-Trainer/dp/B00JMYMSAU,http://ec2.images-amazon.com/images/I/41pZBINDZ5L._AA300_.jpg
Next Lined Up 29 Min. B/C Cup Sports Bra Top*,B00VA5M8EK,http://www.junglee.com/Next-Lined-Min-Cup-Sports/dp/B00VA5M8EK,http://ec2.images-amazon.com/images/I/61Hx46bA5wL._AA1000_.jpg
Iso Solid Resistance Tube With Safety Sleeve Blue (Heavy),B00QBRTWK0,http://www.junglee.com/Iso-Solid-Resistance-Safety-Sleeve/dp/B00QBRTWK0,http://ec2.images-amazon.com/images/I/41%2BWFrSkQQL._AA300_.jpg
70-BASIC-INFLATABLE-MATTRESS,B00UFFP3LQ,http://www.junglee.com/Quechua-DECA1795675-70-BASIC-INFLATABLE-MATTRESS/dp/B00UFFP3LQ,http://ec2.images-amazon.com/images/I/41PxVVVxyJL._AA300_.jpg
Mueller 400 Lg Wrist Sleeve,B00QBYL2BA,http://www.junglee.com/Mueller-400-Lg-Wrist-Sleeve/dp/B00QBYL2BA,http://ec2.images-amazon.com/images/I/31q9rtprrKL._AA300_.jpg
Mueller 4591 Wonder Wrap,B00QBYLD1O,http://www.junglee.com/Mueller-LYSN7169-4591-Wonder-Wrap/dp/B00QBYLD1O,http://ec2.images-amazon.com/images/I/41MygKavPEL._AA300_.jpg
Usi Massage Ball,B00QBXW1W0,http://www.junglee.com/USI-LYSN7345-Usi-Massage-Ball/dp/B00QBXW1W0,http://ec2.images-amazon.com/images/I/21BbPc97fhL._AA300_.jpg
Cosco Rosewood NCT VII Table Tennis Blades,B00ID6PI8W,http://www.junglee.com/Cosco-Rosewood-Table-Tennis-Blades/dp/B00ID6PI8W,http://ec2.images-amazon.com/images/I/41EMRXt3DfL._AA300_.jpg
Usi Massage Back Stick,B00QBXW4PO,http://www.junglee.com/USI-LYSN7346-Massage-Back-Stick/dp/B00QBXW4PO,http://ec2.images-amazon.com/images/I/31BrYu5x4wL._AA300_.jpg
Mueller 400 Xl Wrist Sleeve,B00QBYKZFE,http://www.junglee.com/Mueller-400-Xl-Wrist-Sleeve/dp/B00QBYKZFE,http://ec2.images-amazon.com/images/I/31q9rtprrKL._AA300_.jpg
"Coghlan's Double Mosquito Net, White",B001OPH5XU,http://www.junglee.com/Coghlans-Double-Mosquito-Net-White/dp/B001OPH5XU,http://ec2.images-amazon.com/images/I/81IyQ-cCGSL._AA1000_.jpg
Nivia Ankle Support Slip In Style,B00QBY0D3I,http://www.junglee.com/Nivia-Ankle-Support-Slip-Style/dp/B00QBY0D3I,http://ec2.images-amazon.com/images/I/3147xvrDUqL._AA300_.jpg
"Head Anti Burst Gym Ball With Air Pump, Dia: 65 Cm",B00MJ1P904,http://www.junglee.com/Head-Anti-Burst-Ball-With/dp/B00MJ1P904,http://ec2.images-amazon.com/images/I/412W-miZWlL._AA300_.jpg
Soleus Tempo Fitness Watch*,B00VX5KKN8,http://www.junglee.com/Soleus-28712126DSPRTG-Tempo-Fitness-Watch/dp/B00VX5KKN8,http://ec2.images-amazon.com/images/I/51u1qfU7KtL._AA300_.jpg
Usi New Grip,B00QBXV22A,http://www.junglee.com/USI-LYSN7333-Usi-New-Grip/dp/B00QBXV22A,http://ec2.images-amazon.com/images/I/31OwnH5PTfL._AA300_.jpg
Usi Knee Wrap,B00QBXX7NW,http://www.junglee.com/USI-LYSN7360-Usi-Knee-Wrap/dp/B00QBXX7NW,http://ec2.images-amazon.com/images/I/41gzLqDIkfL._AA300_.jpg
Tynor Elastic Shoulder Immobilizer,B00QBYHGPQ,http://www.junglee.com/Tynor-LYSN3139C-Elastic-Shoulder-Immobilizer/dp/B00QBYHGPQ,http://ec2.images-amazon.com/images/I/41%2Bl2r7hWEL._AA300_.jpg
Head Hand Grips 2 Pcs / Pr,B00MJ1OWYI,http://www.junglee.com/Head-Hand-Grips-Pcs-Pr/dp/B00MJ1OWYI,http://ec2.images-amazon.com/images/I/41lw8et9MeL._AA300_.jpg
Usi Push Up Bar*,B00QBXWDC8,http://www.junglee.com/USI-LYSN7349-Usi-Push-Bar/dp/B00QBXWDC8,http://ec2.images-amazon.com/images/I/31x4ZRT1tuL._AA300_.jpg
Tynor Contoured L.S. Support,B00QBYEQMW,http://www.junglee.com/Tynor-LYSN3125B-Contoured-L-S-Support/dp/B00QBYEQMW,http://ec2.images-amazon.com/images/I/41pne-5IK8L._AA300_.jpg
Mio ALPHA Heart Rate Monitor/Sport Watch*,B00VX5VMKS,http://www.junglee.com/Mio-ALPHA-Heart-Monitor-Sport/dp/B00VX5VMKS,http://ec2.images-amazon.com/images/I/41qOpEQ-c7L._AA300_.jpg
Body Gym Ab Board 200*,B00L8WA3V0,http://www.junglee.com/Body-Gym-Ab-Board-200/dp/B00L8WA3V0,http://ec2.images-amazon.com/images/I/41-V1YHY6NL._AA300_.jpg
Lonsdale Gel Hand Wraps,B00QBYB0XU,http://www.junglee.com/Lonsdale-LYSN8318-Gel-Hand-Wraps/dp/B00QBYB0XU,http://ec2.images-amazon.com/images/I/31--2kG-pHL._AA300_.jpg
Raleigh SPORTS KID 20 Bicycle*,B010DSI07S,http://www.junglee.com/Raleigh-SPORTS-KID-20-Bicycle/dp/B010DSI07S,http://ec2.images-amazon.com/images/I/71H0N4rq7BL._AA1000_.jpg
Mueller 4581 Adjustable Back Brace,B00QBYN038,http://www.junglee.com/Mueller-4581-Adjustable-Back-Brace/dp/B00QBYN038,http://ec2.images-amazon.com/images/I/31BJaE0bxQL._AA300_.jpg
USI Door Gym Heavy (Black),B00IOQGQ3C,http://www.junglee.com/USI-Door-Gym-Heavy-Black/dp/B00IOQGQ3C,http://ec2.images-amazon.com/images/I/7146T4IoTXL._AA1000_.jpg
Nivia Knee Support With Adjustable Velcro,B00QBY1SGO,http://www.junglee.com/Nivia-Knee-Support-Adjustable-Velcro/dp/B00QBY1SGO,http://ec2.images-amazon.com/images/I/31szciSQbjL._AA300_.jpg
Nivia Prowrap Sports Gloves,B00H7VA6GS,http://www.junglee.com/Nivia-LYSL1236-Prowrap-Sports-Gloves/dp/B00H7VA6GS,http://ec2.images-amazon.com/images/I/21su3oZAw6L._AA300_.jpg
Shock Doctor Ultra ShockSkin Multi-Sport Kneepads*,B00ZRFVHBY,http://www.junglee.com/Shock-Doctor-ShockSkin-Multi-Sport-Kneepads/dp/B00ZRFVHBY,http://ec2.images-amazon.com/images/I/41Ebyzw99AL._AA300_.jpg
Usi Massage Stick Pro,B00QBXWT8Q,http://www.junglee.com/USI-LYSN7355-Usi-Massage-Stick/dp/B00QBXWT8Q,http://ec2.images-amazon.com/images/I/21BugDSKv8L._AA300_.jpg
"Tynor Knee Immobilizer 22""",B00QBYK94Q,http://www.junglee.com/Tynor-LYSN3154B-Knee-Immobilizer-22/dp/B00QBYK94Q,http://ec2.images-amazon.com/images/I/41%2BsUWF62yL._AA300_.jpg
As Sports Dms Rinku Leather Shoes (black),B00X7AF2Y4,http://www.junglee.com/Sports-Rinku-Leather-Shoes-black/dp/B00X7AF2Y4,http://ec2.images-amazon.com/images/I/61wP9Qi1OmL._AA1000_.jpg
Lonsdale Neo Wrist Support,B00QBYBPDA,http://www.junglee.com/Lonsdale-LYSN8325-Neo-Wrist-Support/dp/B00QBYBPDA,http://ec2.images-amazon.com/images/I/41kUaZH-bBL._AA300_.jpg
Mueller 819 Tennis Elbow Support One,B00T99SD8O,http://www.junglee.com/Mueller-819-Tennis-Elbow-Support/dp/B00T99SD8O,http://ec2.images-amazon.com/images/I/41-GKaEr44L._AA300_.jpg
"Tynor Knee Immobilizer 19""",B00QBYJK28,http://www.junglee.com/Tynor-LYSN3150B-Knee-Immobilizer-19/dp/B00QBYJK28,http://ec2.images-amazon.com/images/I/41%2BsUWF62yL._AA300_.jpg
Nivia Premier Traning Belt 36 Inches Eva Padded,B00QBY30JC,http://www.junglee.com/Nivia-Premier-Traning-Inches-Padded/dp/B00QBY30JC,http://ec2.images-amazon.com/images/I/4188mOneFhL._AA300_.jpg
Tynor Knee Support Hinged (Neoprene),B00QBYMVOM,http://www.junglee.com/Tynor-Knee-Support-Hinged-Neoprene/dp/B00QBYMVOM,http://ec2.images-amazon.com/images/I/41PwZmrqmdL._AA300_.jpg
Mueller 965 Sm Ankle Support With Straps,B00QBYLFT4,http://www.junglee.com/Mueller-Ankle-Support-With-Straps/dp/B00QBYLFT4,http://ec2.images-amazon.com/images/I/31MB2NHRc2L._AA300_.jpg
Mueller 4491 Adjustable Thigh Support,B00QBYM638,http://www.junglee.com/Mueller-4491-Adjustable-Thigh-Support/dp/B00QBYM638,http://ec2.images-amazon.com/images/I/314Z4tPy1sL._AA300_.jpg
Tynor Clavicle Brace With Velcro,B00QBYHQ88,http://www.junglee.com/Tynor-Clavicle-Brace-With-Velcro/dp/B00QBYHQ88,http://ec2.images-amazon.com/images/I/413%2B5DkHD3L._AA300_.jpg
Mueller 965 Xl Ankle Support With Straps,B00QBYLP94,http://www.junglee.com/Mueller-Ankle-Support-With-Straps/dp/B00QBYLP94,http://ec2.images-amazon.com/images/I/31MB2NHRc2L._AA300_.jpg
Tynor Leg Traction Brace,B00QBYLY72,http://www.junglee.com/Tynor-LYSN3164B-Leg-Traction-Brace/dp/B00QBYLY72,http://ec2.images-amazon.com/images/I/3139HTme%2BKL._AA300_.jpg
Mc David Ps Ii Hinged Knee Brace Ii 6515,B00T98VUNK,http://www.junglee.com/David-Hinged-Knee-Brace-6515/dp/B00T98VUNK,http://ec2.images-amazon.com/images/I/41Ww-n5V8xL._AA300_.jpg
Mc David Ultra Ankle 6523,B00T98WKDO,http://www.junglee.com/Mc-David-Ultra-Ankle-6523/dp/B00T98WKDO,http://ec2.images-amazon.com/images/I/41yIXOJ-o5L._AA300_.jpg
Tynor Cervical Orthosis (Philadlphia) Ethafoam,B00QBYGNVY,http://www.junglee.com/Tynor-Cervical-Orthosis-Philadlphia-Ethafoam/dp/B00QBYGNVY,http://ec2.images-amazon.com/images/I/41vixvvZU9L._AA300_.jpg
Mc David Open Patella Knee Wrap,B00T98V1HU,http://www.junglee.com/David-Open-Patella-Knee-Wrap/dp/B00T98V1HU,http://ec2.images-amazon.com/images/I/41NtZeieltL._AA300_.jpg
Vinex Anklets,B00T99FYJA,http://www.junglee.com/Vinex-LYSN1727-Anklets/dp/B00T99FYJA,http://ec2.images-amazon.com/images/I/31Jpt%2BIY8nL._AA300_.jpg
Mueller 255 Lumbar Back Brace With Removable Pad One,B00QBYN3JO,http://www.junglee.com/Mueller-Lumbar-Back-Brace-Removable/dp/B00QBYN3JO,http://ec2.images-amazon.com/images/I/31nI56fiMwL._AA300_.jpg
Mueller 965 Lg Ankle Support With Straps,B00QBYLMKQ,http://www.junglee.com/Mueller-Ankle-Support-With-Straps/dp/B00QBYLMKQ,http://ec2.images-amazon.com/images/I/31MB2NHRc2L._AA300_.jpg
Vinex Regular Hoops 30 Inch (Pack Of 03 Pcs),B00T98VFUI,http://www.junglee.com/Vinex-Regular-Hoops-Inch-Pack/dp/B00T98VFUI,http://ec2.images-amazon.com/images/I/41cVidVsZDL._AA300_.jpg
Mc David Open Patella Knee Support 6505,B00T98UYRS,http://www.junglee.com/David-Open-Patella-Knee-Support/dp/B00T98UYRS,http://ec2.images-amazon.com/images/I/41WX4%2BiWQ5L._AA300_.jpg
Suunto altimeter Digital Black Dial  Unisex Watch - SS019163000,B00CDBGDNM,http://www.junglee.com/Suunto-altimeter-Digital-Black-Unisex/dp/B00CDBGDNM,http://ec2.images-amazon.com/images/I/71NSURXq1yL._AA1000_.jpg,http://ec2.images-amazon.com/images/I/612dinXCoTL._AA1000_.jpg,http://ec2.images-amazon.com/images/I/71FHCQl0%2B4L._AA1000_.jpg,http://ec2.images-amazon.com/images/I/41sX65Rvi%2BL._AA1000_.jpg,http://ec2.images-amazon.com/images/I/71mr1x-S9oL._AA1000_.jpg,,
Mueller 4533 Knee Support Closed Patella,B00QBYMP3O,http://www.junglee.com/Mueller-4533-Support-Closed-Patella/dp/B00QBYMP3O,http://ec2.images-amazon.com/images/I/31seLIwzWuL._AA300_.jpg
Mueller 6621 A 9 Inch Reusable Ice Bag,B00QBYKWAW,http://www.junglee.com/Mueller-6621-Inch-Reusable-Ice/dp/B00QBYKWAW,http://ec2.images-amazon.com/images/I/31N80rxIpSL._AA300_.jpg
Mio ALPHA Heart Rate Monitor/Sport Watch*,B00X7BSR90,http://www.junglee.com/Mio-ALPHA-Heart-Monitor-Sport/dp/B00X7BSR90,http://ec2.images-amazon.com/images/I/41qOpEQ-c7L._AA300_.jpg
Iso Solid Sling Trainer,B00T98TNSY,http://www.junglee.com/Iso-Solid-AFT10003-Sling-Trainer/dp/B00T98TNSY,http://ec2.images-amazon.com/images/I/41BQvJkQ16L._AA300_.jpg
Iso Solid Weight Lifting Belt*,B00T98UO2I,http://www.junglee.com/Iso-Solid-Weight-Lifting-Belt/dp/B00T98UO2I,http://ec2.images-amazon.com/images/I/41kBGS7R6VL._AA300_.jpg
Mueller 330 Reg Adjustable Calf/Shin Splint Support,B00QBYMIUE,http://www.junglee.com/Mueller-Adjustable-Calf-Splint-Support/dp/B00QBYMIUE,http://ec2.images-amazon.com/images/I/31MmT6PjCsL._AA300_.jpg
"Hawk Hand-Muscle Developer Set Of 2 (Color: Black Red, )",B00SMMX22Q,http://www.junglee.com/Hawk-Hand-Muscle-Developer-Set-Color/dp/B00SMMX22Q,http://ec2.images-amazon.com/images/I/61d6ZdCPOoL._AA1000_.jpg
Tynor Functional Knee Support,B00QBYJCDK,http://www.junglee.com/Tynor-LYSN3148B-Functional-Knee-Support/dp/B00QBYJCDK,http://ec2.images-amazon.com/images/I/41KbIr7GorL._AA300_.jpg
Lifeline Ab Care*,B00QC1E18I,http://www.junglee.com/Lifeline-LYSN14510-Ab-Care/dp/B00QC1E18I,http://ec2.images-amazon.com/images/I/31-eQE3DE5L._AA300_.jpg
Raleigh SPORTS KID 20 Bicycle*,B010DSHMHM,http://www.junglee.com/Raleigh-SPORTS-KID-20-Bicycle/dp/B010DSHMHM,http://ec2.images-amazon.com/images/I/71H0N4rq7BL._AA1000_.jpg
Speedo Female Powerback 1 Piece Swimwear Navy Blue,B00ZRGD5NQ,http://www.junglee.com/Speedo-Female-Powerback-Piece-Swimwear/dp/B00ZRGD5NQ,http://ec2.images-amazon.com/images/I/61VAm51vP-L._AA1000_.jpg
Tynor Elbow Support,B00QBYLOAE,http://www.junglee.com/Tynor-LYSN3160C-Elbow-Support/dp/B00QBYLOAE,http://ec2.images-amazon.com/images/I/41%2BLgYlPc-L._AA300_.jpg
Tynor Pouch Arm Sling (Tropical),B00QBYH5CU,http://www.junglee.com/Tynor-Pouch-Arm-Sling-Tropical/dp/B00QBYH5CU,http://ec2.images-amazon.com/images/I/41H1P2EcU7L._AA300_.jpg
Mc David Multi Action Knee Strap 6508,B00T98V79M,http://www.junglee.com/David-Multi-Action-Knee-Strap/dp/B00T98V79M,http://ec2.images-amazon.com/images/I/51kppu8yuOL._AA300_.jpg
Mueller 4531 Adjustable Knee Support,B00QBYMRYG,http://www.junglee.com/Mueller-4531-Adjustable-Knee-Support/dp/B00QBYMRYG,http://ec2.images-amazon.com/images/I/41bsUdpzdbL._AA300_.jpg
Nivia Twister With Magnetic Blue,B00QBY1PK8,http://www.junglee.com/Nivia-Twister-With-Magnetic-Blue/dp/B00QBY1PK8,http://ec2.images-amazon.com/images/I/310sN7nouDL._AA300_.jpg
Mueller 965 Md Ankle Support With Straps,B00QBYLJJK,http://www.junglee.com/Mueller-Ankle-Support-With-Straps/dp/B00QBYLJJK,http://ec2.images-amazon.com/images/I/31MB2NHRc2L._AA300_.jpg
Mueller 4505 Wrist Support Wrap,B00QBYL7RO,http://www.junglee.com/Mueller-4505-Wrist-Support-Wrap/dp/B00QBYL7RO,http://ec2.images-amazon.com/images/I/318-Xr9r7KL._AA300_.jpg
Burn Eva Weight Lifting Belt*,B00UFFZ0SW,http://www.junglee.com/Burn-Eva-Weight-Lifting-Belt/dp/B00UFFZ0SW,http://ec2.images-amazon.com/images/I/31CUDuOZcoL._AA300_.jpg
Nivia Knee Support Slip In Style,B00QBY1D6E,http://www.junglee.com/Nivia-Knee-Support-Slip-Style/dp/B00QBY1D6E,http://ec2.images-amazon.com/images/I/41ISqv7l-hL._AA300_.jpg
Mueller 400 Md Wrist Sleeve,B00QBYL4TK,http://www.junglee.com/Mueller-400-Md-Wrist-Sleeve/dp/B00QBYL4TK,http://ec2.images-amazon.com/images/I/31q9rtprrKL._AA300_.jpg
Suunto Ambit2 Sapphire Watch,B00H7V7JRM,http://www.junglee.com/Suunto-Ambit2-Sapphire-Watch/dp/B00H7V7JRM,http://ec2.images-amazon.com/images/I/41VyLgHL09L._AA300_.jpg
Tynor Tennis Elbow Support,B00QBYL2ZQ,http://www.junglee.com/Tynor-LYSN3159C-Tennis-Elbow-Support/dp/B00QBYL2ZQ,http://ec2.images-amazon.com/images/I/41BvBnwSDSL._AA300_.jpg
Tunturi Weightlifting Jacket,B00T4I8T84,http://www.junglee.com/Tunturi-1000696-Weightlifting-Jacket/dp/B00T4I8T84,http://ec2.images-amazon.com/images/I/313fGzD8NkL._AA300_.jpg
Mc David Elbow Sleeve Support 6530,B00T98X49S,http://www.junglee.com/David-Elbow-Sleeve-Support-6530/dp/B00T98X49S,http://ec2.images-amazon.com/images/I/41dI94We2AL._AA300_.jpg
Mc David Ankle Wrap Support With Strap,B00T98WAVG,http://www.junglee.com/David-Ankle-Wrap-Support-Strap/dp/B00T98WAVG,http://ec2.images-amazon.com/images/I/41uTs1IeYSL._AA300_.jpg
Mc David Prostabilizer Geared Hinged Knee Brace 6513,B00T98VN96,http://www.junglee.com/David-Prostabilizer-Geared-Hinged-Brace/dp/B00T98VN96,http://ec2.images-amazon.com/images/I/4115nY99iWL._AA300_.jpg
Mc David Thigh Wrap,B00T98XKTM,http://www.junglee.com/McDavid-478-David-Thigh-Wrap/dp/B00T98XKTM,http://ec2.images-amazon.com/images/I/31go%2B71bvzL._AA300_.jpg
Mc David Thigh Support 6536,B00T98XIIK,http://www.junglee.com/Mc-David-Thigh-Support-6536/dp/B00T98XIIK,http://ec2.images-amazon.com/images/I/415MMijq5hL._AA300_.jpg
Mc David Ankle Support Wrap,B00T98W3T0,http://www.junglee.com/Mc-David-Ankle-Support-Wrap/dp/B00T98W3T0,http://ec2.images-amazon.com/images/I/31TXmm3r2bL._AA300_.jpg
Mc David Lateral Polycentric Hinge Knee Brace,B00T98VXSM,http://www.junglee.com/David-Lateral-Polycentric-Hinge-Brace/dp/B00T98VXSM,http://ec2.images-amazon.com/images/I/310hOlNnLsL._AA300_.jpg
Tynor Oa Knee Support (Neoprene),B00QBYN5JC,http://www.junglee.com/Tynor-Oa-Knee-Support-Neoprene/dp/B00QBYN5JC,http://ec2.images-amazon.com/images/I/41OSFECY5ZL._AA300_.jpg
Mc David Wristlet,B00T98WV3S,http://www.junglee.com/McDavid-452-Mc-David-Wristlet/dp/B00T98WV3S,http://ec2.images-amazon.com/images/I/31q49PIxqEL._AA300_.jpg
Iso Solid Thera Band,B00T98VXX2,http://www.junglee.com/Iso-Solid-AFT10046-Thera-Band/dp/B00T98VXX2,http://ec2.images-amazon.com/images/I/41iRGAPwqbL._AA300_.jpg
Lifeline Twister With Stand*,B00QC1EAWK,http://www.junglee.com/Lifeline-LYSN14514-Twister-With-Stand/dp/B00QC1EAWK,http://ec2.images-amazon.com/images/I/21IUcTLRF%2BL._AA300_.jpg
Mc David Ps Ii Hinged Knee Brace 6514,B00T98VRAG,http://www.junglee.com/David-Hinged-Knee-Brace-6514/dp/B00T98VRAG,http://ec2.images-amazon.com/images/I/41DJZoxxIaL._AA300_.jpg
Mc David Wrist Support Wth Dual Straps,B00T98X14Q,http://www.junglee.com/David-Wrist-Support-Dual-Straps/dp/B00T98X14Q,http://ec2.images-amazon.com/images/I/31WWXIbRCVL._AA300_.jpg
Vinex Kneecaps / Kneepads Gold Xl,B00T9962NC,http://www.junglee.com/Vinex-Kneecaps-Kneepads-Gold-Xl/dp/B00T9962NC,http://ec2.images-amazon.com/images/I/31tanNUgrvL._AA300_.jpg
Nivia Digital Chess Clock,B00DXKX1S2,http://www.junglee.com/Nivia-LYSL1166-Digital-Chess-Clock/dp/B00DXKX1S2,http://ec2.images-amazon.com/images/I/21gBcBWmhuL._AA300_.jpg
Mc David Dual Disk Hinged Knee Brace 6511,B00T98VG9I,http://www.junglee.com/David-Dual-Disk-Hinged-Brace/dp/B00T98VG9I,http://ec2.images-amazon.com/images/I/41YTRrK-PbL._AA300_.jpg
Tynor Back Rest - Universal,B00ID647U2,http://www.junglee.com/Tynor-LYSN3169-Back-Rest-Universal/dp/B00ID647U2,http://ec2.images-amazon.com/images/I/41vwEi17fZL._AA300_.jpg
Iso Solid Resistance Tube With Safety Sleeve Green (Light),B00T99V44E,http://www.junglee.com/Iso-Solid-Resistance-Safety-Sleeve/dp/B00T99V44E,http://ec2.images-amazon.com/images/I/3171tobZvqL._AA300_.jpg
Mc David Ankle Support Sleeve 6517,B00T98W0T8,http://www.junglee.com/David-Ankle-Support-Sleeve-6517/dp/B00T98W0T8,http://ec2.images-amazon.com/images/I/31I-0O-V3YL._AA300_.jpg
Mc David Shin Splint Support,B00T98XMVS,http://www.junglee.com/Mc-David-Shin-Splint-Support/dp/B00T98XMVS,http://ec2.images-amazon.com/images/I/31oGIfAQHtL._AA300_.jpg
Mc David Multi Action Knee Strap Ii 6509,B00T98VA4Y,http://www.junglee.com/David-Multi-Action-Knee-Strap/dp/B00T98VA4Y,http://ec2.images-amazon.com/images/I/410VAtlopdL._AA300_.jpg
Mc David Groin Strap,B00T98XGGE,http://www.junglee.com/McDavid-475-David-Groin-Strap/dp/B00T98XGGE,http://ec2.images-amazon.com/images/I/31uK0wKu8xL._AA300_.jpg
Mc David Jumpers Knee Strap,B00T98V49K,http://www.junglee.com/Mc-David-Jumpers-Knee-Strap/dp/B00T98V49K,http://ec2.images-amazon.com/images/I/41c5FSfRsEL._AA300_.jpg
Mc David Deluxe Calf Support 6534,B00T98XDNK,http://www.junglee.com/David-Deluxe-Calf-Support-6534/dp/B00T98XDNK,http://ec2.images-amazon.com/images/I/31%2BGEVD0wAL._AA300_.jpg
Fitness Gear Adjustable Calf/Shin Support *,B00ZRJ60NK,http://www.junglee.com/Fitness-Gear-Adjustable-Calf-Support/dp/B00ZRJ60NK,http://ec2.images-amazon.com/images/I/41HNr15w-1L._AA300_.jpg
Vinex Fitness Ring,B00T99LW0A,http://www.junglee.com/Vinex-LYSN1677-Fitness-Ring/dp/B00T99LW0A,http://ec2.images-amazon.com/images/I/41avvzo8o4L._AA300_.jpg
Mc David Dual Band Elbow Support 6533,B00T98XAHY,http://www.junglee.com/David-Dual-Band-Elbow-Support/dp/B00T98XAHY,http://ec2.images-amazon.com/images/I/417cvIEfmNL._AA300_.jpg
Mc David Wrist Support Universal,B00T98WSC2,http://www.junglee.com/Mc-David-Wrist-Support-Universal/dp/B00T98WSC2,http://ec2.images-amazon.com/images/I/31iB3X2%2Bo2L._AA300_.jpg
Mc David Close Patella Knee Support 6504,B00T98UVSU,http://www.junglee.com/David-Close-Patella-Knee-Support/dp/B00T98UVSU,http://ec2.images-amazon.com/images/I/41S46WPCQ1L._AA300_.jpg
Vinex Elbow White,B00T995L0C,http://www.junglee.com/Vinex-LYSN1729-Elbow-White/dp/B00T995L0C,http://ec2.images-amazon.com/images/I/41%2BWdNEAFsL._AA300_.jpg
Speedo Women's Superiority Legsuit 0299 Black/White,B00ZRJ4OGA,http://www.junglee.com/Speedo-Womens-Superiority-Legsuit-Black/dp/B00ZRJ4OGA,http://ec2.images-amazon.com/images/I/31UZMTU5ypL._AA300_.jpg
Mc David Elbow Wrap Support,B00T98X7KE,http://www.junglee.com/Mc-David-Elbow-Wrap-Support/dp/B00T98X7KE,http://ec2.images-amazon.com/images/I/312DBEhJ96L._AA300_.jpg
"Hawk Waist Twister (Color: Black, Size: 28 Cm)",B00SMMX4Q0,http://www.junglee.com/Hawk-Waist-Twister-Color-Black/dp/B00SMMX4Q0,http://ec2.images-amazon.com/images/I/61NSuwQ6heL._AA1000_.jpg
Mc David Universal Ankle Support,B00T98WPO8,http://www.junglee.com/Mc-David-Universal-Ankle-Support/dp/B00T98WPO8,http://ec2.images-amazon.com/images/I/315IXSDST1L._AA300_.jpg
Burn Training Set,B00UFFX5IY,http://www.junglee.com/Burn-A005523-Training-Set/dp/B00UFFX5IY,http://ec2.images-amazon.com/images/I/41ojnobvcRL._AA300_.jpg
Suunto Ambit2 S Red (HR) Training/Fitness Series Watch - SS019209000,B00EAGR25G,http://www.junglee.com/Suunto-Ambit2-Training-Fitness-Series/dp/B00EAGR25G,http://ec2.images-amazon.com/images/I/613p4L1uwmL._AA1000_.jpg,http://ec2.images-amazon.com/images/I/613p4L1uwmL._AA1000_.jpg,http://ec2.images-amazon.com/images/I/613p4L1uwmL._AA1000_.jpg
As Sports High Ancle Leather Shoes (black),B00X7AGAD6,http://www.junglee.com/Sports-Ancle-Leather-Shoes-black/dp/B00X7AGAD6,http://ec2.images-amazon.com/images/I/61u4moUmpYL._AA1000_.jpg
Mueller 4532 Knee Support Open Patella,B00QBYMM5U,http://www.junglee.com/Mueller-4532-Knee-Support-Patella/dp/B00QBYMM5U,http://ec2.images-amazon.com/images/I/313-GFoYV0L._AA300_.jpg
Mc David Deluxe Hinged Knee Brace 6512,B00T98VJKY,http://www.junglee.com/David-Deluxe-Hinged-Knee-Brace/dp/B00T98VJKY,http://ec2.images-amazon.com/images/I/410B3rEPv8L._AA300_.jpg
Mc David Ligament Knee Support 6510,B00T98VDAK,http://www.junglee.com/David-Ligament-Knee-Support-6510/dp/B00T98VDAK,http://ec2.images-amazon.com/images/I/418Td%2BO1%2BXL._AA300_.jpg
Vinex Regular Hoops 36 Inch (Pack Of 03 Pcs),B00T98W9MG,http://www.junglee.com/Vinex-Regular-Hoops-Inch-Pack/dp/B00T98W9MG,http://ec2.images-amazon.com/images/I/41cVidVsZDL._AA300_.jpg
Unicorn Steel Tip GT 125 Darts (Pack of 3),B001PZETWY,http://www.junglee.com/Unicorn-Steel-GT-125-Darts/dp/B001PZETWY,http://ec2.images-amazon.com/images/I/41QmNZ0uyXL._AA300_.jpg
Shock Doctor Ankle Stabilizer*,B00ZRIVGQ2,http://www.junglee.com/Shock-Doctor-11596155DSPRTG-Ankle-Stabilizer/dp/B00ZRIVGQ2,http://ec2.images-amazon.com/images/I/41ljhqPGvlL._AA300_.jpg
Cramer Compression Ankle Support Sock*,B00ZRIWEU4,http://www.junglee.com/Cramer-Compression-Ankle-Support-Sock/dp/B00ZRIWEU4,http://ec2.images-amazon.com/images/I/41jpc-SSMjL._AA300_.jpg
Mc David Universal Back Support 6540,B00T98XRQ8,http://www.junglee.com/David-Universal-Back-Support-6540/dp/B00T98XRQ8,http://ec2.images-amazon.com/images/I/41roymBmNqL._AA300_.jpg
Vinex Waist Twister,B00T991DKO,http://www.junglee.com/Vinex-LYSN661-Waist-Twister/dp/B00T991DKO,http://ec2.images-amazon.com/images/I/41GYltpbgWL._AA300_.jpg
Sudu Agility / Speed Ladders,B00T98S2MM,http://www.junglee.com/Sudu-LYSM164-Agility-Speed-Ladders/dp/B00T98S2MM,http://ec2.images-amazon.com/images/I/31MbzeiYPOL._AA300_.jpg
DreamFit 15kg Adjustable Grip Dumbell Rubber Plates + 3 Rods (1 Curl) + Gym Gloves + Wrist Band Grip + Skipping Rope*,B00UFFTV8W,http://www.junglee.com/DreamFit-Adjustable-Dumbell-Rubber-Skipping/dp/B00UFFTV8W,http://ec2.images-amazon.com/images/I/41YdglTwmAL._AA300_.jpg
Vinex Weight Training Belt Medium,B00T99UQOS,http://www.junglee.com/Vinex-Weight-Training-Belt-Medium/dp/B00T99UQOS,http://ec2.images-amazon.com/images/I/314ZE%2BGqXOL._AA300_.jpg
DreamFit 12kg Adjustable Grip Dumbell Rubber Plates + 3 Rods (1 Curl) + Gym Gloves + Wrist Band + Skipping Rope*,B00UFFTRFO,http://www.junglee.com/DreamFit-Adjustable-Dumbell-Rubber-Skipping/dp/B00UFFTRFO,http://ec2.images-amazon.com/images/I/41l7gJCHaAL._AA300_.jpg
Vinex Weight Training Belt X Large,B00T99UTFY,http://www.junglee.com/Vinex-Weight-Training-Belt-Large/dp/B00T99UTFY,http://ec2.images-amazon.com/images/I/314ZE%2BGqXOL._AA300_.jpg
Vinex Weight Training Belt Large,B00T99UNJG,http://www.junglee.com/Vinex-Weight-Training-Belt-Large/dp/B00T99UNJG,http://ec2.images-amazon.com/images/I/314ZE%2BGqXOL._AA300_.jpg
DreamFit 12kg Adjustable Grip Dumbell Rubber Plates + 3 Rods (1 Curl) + Gym Back Bag + Gym Gloves + Wrist Band*,B00UFFTPAQ,http://www.junglee.com/DreamFit-Adjustable-Dumbell-Rubber-Plates/dp/B00UFFTPAQ,http://ec2.images-amazon.com/images/I/51-21T12MYL._AA300_.jpg
Iso Solid Inversion Boots (Gib2)*,B00QBRWG44,http://www.junglee.com/Iso-Solid-Inversion-Boots-Gib2/dp/B00QBRWG44,http://ec2.images-amazon.com/images/I/31pUv1-x6rL._AA300_.jpg
"Cosco Revtech Table Tennis Bats, 2mm",B00ID6PG1G,http://www.junglee.com/Cosco-Revtech-Table-Tennis-Bats/dp/B00ID6PG1G,http://ec2.images-amazon.com/images/I/412cqQM7sKL._AA300_.jpg
Cramer Active Pro Ankle Brace*,B00ZRIUPN2,http://www.junglee.com/Cramer-Active-Pro-Ankle-Brace/dp/B00ZRIUPN2,http://ec2.images-amazon.com/images/I/41risnaQtML._AA300_.jpg
Iso Solid Pure Leather Weight Lifting Belt*,B00UFFQRMU,http://www.junglee.com/Iso-Solid-Leather-Weight-Lifting/dp/B00UFFQRMU,http://ec2.images-amazon.com/images/I/41rUAwRgPCL._AA300_.jpg
Suunto altimeter Digital Black Dial  Unisex Watch - SS018810000,B008XHWL8G,http://www.junglee.com/Suunto-altimeter-Digital-Black-Unisex/dp/B008XHWL8G,,,http://ec2.images-amazon.com/images/I/71aMcYrgnsL._AA1000_.jpg,http://ec2.images-amazon.com/images/I/51oKcQ1ZOFL._AA1000_.jpg,http://ec2.images-amazon.com/images/I/617Q1k5z6XL._AA1000_.jpg
DreamFit 12kg Adjustable Grip Dumbell Rubber Plates + 3 Rods (1 Curl) + Gym Back Bag + Skipping Rope + Gym Gloves*,B00UFFTLT6,http://www.junglee.com/DreamFit-Adjustable-Dumbell-Rubber-Skipping/dp/B00UFFTLT6,http://ec2.images-amazon.com/images/I/51LspjR%2BCeL._AA300_.jpg
LEUKO Band LITE WHITE 5 CM x 2.75 M,B00VA5GYLI,http://www.junglee.com/LEUKO-Band-LITE-WHITE-2-75/dp/B00VA5GYLI,http://ec2.images-amazon.com/images/I/31uVk7FULhL._AA300_.jpg
Copper Fit Pro Series Knee Sleeve*,B00ZRFUP26,http://www.junglee.com/Copper-Fit-Series-Knee-Sleeve/dp/B00ZRFUP26,http://ec2.images-amazon.com/images/I/41TGWPLsTsL._AA300_.jpg
LP 718 SHIN AND CALF SLEEVE,B00VA5AP90,http://www.junglee.com/LP-718-SHIN-CALF-SLEEVE/dp/B00VA5AP90,http://ec2.images-amazon.com/images/I/31MGayBOIaL._AA300_.jpg
LP 843 Band - MEDIUM,B00VA5BM0Q,http://www.junglee.com/LP-Supports-A006142-843-Band/dp/B00VA5BM0Q,http://ec2.images-amazon.com/images/I/41AJK79a%2BOL._AA300_.jpg
LP 758A OPEN PATELLA KNEE SUPPORT (SPL. XXL SIZE),B00VA59O1U,http://www.junglee.com/LP-758A-OPEN-PATELLA-SUPPORT/dp/B00VA59O1U,http://ec2.images-amazon.com/images/I/31DoHxP6dAL._AA300_.jpg
Burn Magnetic Twister*,B00UFFY0BA,http://www.junglee.com/Burn-A005536-Magnetic-Twister/dp/B00UFFY0BA,http://ec2.images-amazon.com/images/I/418c1shy47L._AA300_.jpg
Burn Revolving Curl Bar*,B00UFFZ5DC,http://www.junglee.com/Burn-A005609-Revolving-Curl-Bar/dp/B00UFFZ5DC,http://ec2.images-amazon.com/images/I/21LL4pOB2uL._AA300_.jpg
LP 759 ELBOW WRAP,B00VA5A7FW,http://www.junglee.com/LP-Supports-A006119-ELBOW-WRAP/dp/B00VA5A7FW,http://ec2.images-amazon.com/images/I/31bX5h5MwUL._AA300_.jpg
LP 773 SACRO LUMBAR SUPPORT,B00VA5AIHO,http://www.junglee.com/LP-773-SACRO-LUMBAR-SUPPORT/dp/B00VA5AIHO,http://ec2.images-amazon.com/images/I/51QWKs5qVGL._AA300_.jpg
Burn Anti Burst Gym Ball 65cm With Hand Pump,B00UFFX7VE,http://www.junglee.com/Burn-Anti-Burst-Ball-65cm/dp/B00UFFX7VE,http://ec2.images-amazon.com/images/I/31r1UtSJgWL._AA300_.jpg
LP 753 WRIST WRAP,B00VA5A37Y,http://www.junglee.com/LP-Supports-A006117-WRIST-WRAP/dp/B00VA5A37Y,http://ec2.images-amazon.com/images/I/51A2kPi9VdL._AA300_.jpg
LP 757 ANKLE SUPPORT,B00VA59SCA,http://www.junglee.com/LP-Supports-A006112-ANKLE-SUPPORT/dp/B00VA59SCA,http://ec2.images-amazon.com/images/I/31yTXIpzROL._AA300_.jpg
LP 706 KNEE SUPPORT (CLOSED PATELLA),B00VA59CUI,http://www.junglee.com/LP-KNEE-SUPPORT-CLOSED-PATELLA/dp/B00VA59CUI,http://ec2.images-amazon.com/images/I/41QrHOwaBUL._AA300_.jpg
Iso Solid Wobble Board,B00T99UITG,http://www.junglee.com/Iso-Solid-LYSN2350-Wobble-Board/dp/B00T99UITG,http://ec2.images-amazon.com/images/I/41awabZiBbL._AA300_.jpg
Speedo Sport Swimsuit Top with Rings*,B00VA5MA34,http://www.junglee.com/Speedo-Sport-Swimsuit-Top-Rings/dp/B00VA5MA34,http://ec2.images-amazon.com/images/I/61xoblpKvsL._AA1000_.jpg
LP 707 STANDARD KNEE SUPPORT,B00VA59F6Y,http://www.junglee.com/LP-707-STANDARD-KNEE-SUPPORT/dp/B00VA59F6Y,http://ec2.images-amazon.com/images/I/41GByVrKkhL._AA300_.jpg
Hero Blaze Hi -Riser Bike*,B010DS5T68,http://www.junglee.com/Hero-Blaze-Hi-Riser-Bike/dp/B010DS5T68,http://ec2.images-amazon.com/images/I/41vuIDN4usL._AA300_.jpg
LP 906 CERVICAL COLLAR (DAY & NIGHT),B00VA5B6DY,http://www.junglee.com/LP-906-CERVICAL-COLLAR-NIGHT/dp/B00VA5B6DY,http://ec2.images-amazon.com/images/I/51t5jpzd1nL._AA300_.jpg
DreamFit 15kg Adjustable Grip Dumbell Rubber Plates + 3 Rods (1 Curl) + Gym Gloves + Wrist Band + Skipping Rope*,B00UFFU5KK,http://www.junglee.com/DreamFit-Adjustable-Dumbell-Rubber-Skipping/dp/B00UFFU5KK,http://ec2.images-amazon.com/images/I/41F4CW3vF8L._AA300_.jpg
Vinex Kneecaps / Kneepads,B00T99N46K,http://www.junglee.com/Vinex-LYSN1726-Kneecaps-Kneepads/dp/B00T99N46K,http://ec2.images-amazon.com/images/I/31tanNUgrvL._AA300_.jpg
LP 756 CLOSED PATELLA KNEE SUPPORT (WRAP TYPE),B00VA59HH6,http://www.junglee.com/LP-CLOSED-PATELLA-KNEE-SUPPORT/dp/B00VA59HH6,http://ec2.images-amazon.com/images/I/31exu%2BgP5OL._AA300_.jpg
As Sports Dms Rinku Leather Shoes (black),B00X7AEKEC,http://www.junglee.com/Sports-Rinku-Leather-Shoes-black/dp/B00X7AEKEC,http://ec2.images-amazon.com/images/I/61wP9Qi1OmL._AA1000_.jpg
DreamFit 12kg Adjustable Grip Dumbell Rubber Plates + 3 Rods (1 Curl) + Gym Bag + Gym Gloves + Wrist Band*,B00UFFTWUO,http://www.junglee.com/DreamFit-Adjustable-Dumbell-Rubber-Plates/dp/B00UFFTWUO,http://ec2.images-amazon.com/images/I/51SxnC7UR0L._AA300_.jpg
DreamFit 12kg Adjustable Grip Dumbell Rubber Plates + 3 Rods (1 Curl) + Skipping Rope + Gym Gloves + Wrist Band*,B00UFFTEZM,http://www.junglee.com/DreamFit-Adjustable-Dumbell-Rubber-Skipping/dp/B00UFFTEZM,http://ec2.images-amazon.com/images/I/41VI4DXLlgL._AA300_.jpg
DreamFit 15kg Adjustable Grip Dumbell Rubber Plates + 3 Rods (1 Curl) + Gym Back Bag + Gym Gloves + Wrist Band*,B00UFFU7VW,http://www.junglee.com/DreamFit-Adjustable-Dumbell-Rubber-Plates/dp/B00UFFU7VW,http://ec2.images-amazon.com/images/I/51-21T12MYL._AA300_.jpg
Mc David Hot & Cold Pack (Regular),B00T98XVMI,http://www.junglee.com/David-Hot-Cold-Pack-Regular/dp/B00T98XVMI,http://ec2.images-amazon.com/images/I/31zO-xTqAYL._AA300_.jpg
LP 715 MAGNETIC WAIST SUPPORT,B00VA5AG6C,http://www.junglee.com/LP-715-MAGNETIC-WAIST-SUPPORT/dp/B00VA5AG6C,http://ec2.images-amazon.com/images/I/310pkHW4SRL._AA300_.jpg
Body Sculpture BNS-7205E-B Knee Support Open Patella,B00VA5G198,http://www.junglee.com/Body-Sculpture-BNS-7205E-B-Support-Patella/dp/B00VA5G198,http://ec2.images-amazon.com/images/I/71GsAgq6OeL._AA1000_.jpg
Body Sculpture BB-102-35 Power Band-35Mm,B00VA5DVBY,http://www.junglee.com/Body-Sculpture-BB-102-35-Power-Band-35Mm/dp/B00VA5DVBY,http://ec2.images-amazon.com/images/I/31yaum6HYJL._AA300_.jpg
LP 845 Band - EXTRA HEAVY,B00VA5BQ84,http://www.junglee.com/LP-845-Band-EXTRA-HEAVY/dp/B00VA5BQ84,http://ec2.images-amazon.com/images/I/41AJK79a%2BOL._AA300_.jpg
Garmin Forerunner 15 Running GPS Watch With Heart Rate Monitor,B00X7A7MT2,http://www.junglee.com/Garmin-Forerunner-Running-Watch-Monitor/dp/B00X7A7MT2,http://ec2.images-amazon.com/images/I/41e3IDzkxmL._AA300_.jpg
LP 902 SACRO LUMBAR SUPPORT,B00VA5AZFY,http://www.junglee.com/LP-902-SACRO-LUMBAR-SUPPORT/dp/B00VA5AZFY,http://ec2.images-amazon.com/images/I/41lBrt%2BR0WL._AA300_.jpg
Sofsole Air Cup M Insoles,B00VA5R8B8,http://www.junglee.com/Sofsole-Air-Cup-M-Insoles/dp/B00VA5R8B8,http://ec2.images-amazon.com/images/I/41A1LtaGwhL._AA300_.jpg
LP 788 OPEN PATELLA KNEE SUPPORT,B00VA59QNQ,http://www.junglee.com/LP-OPEN-PATELLA-KNEE-SUPPORT/dp/B00VA59QNQ,http://ec2.images-amazon.com/images/I/41k88bHw1eL._AA300_.jpg
LP 844 Band - HEAVY,B00VA5BO0O,http://www.junglee.com/LP-Supports-A006143-844-Band/dp/B00VA5BO0O,http://ec2.images-amazon.com/images/I/41AJK79a%2BOL._AA300_.jpg
LP 778 SHIN AND CALF SUPPORT,B00VA5AMT8,http://www.junglee.com/LP-778-SHIN-CALF-SUPPORT/dp/B00VA5AMT8,http://ec2.images-amazon.com/images/I/31ju8Nr25SL._AA300_.jpg
Body Sculpture BNS-520E-B Back Support With Terry Clothes,B00VA5FWXE,http://www.junglee.com/Body-Sculpture-BNS-520E-B-Support-Clothes/dp/B00VA5FWXE,http://ec2.images-amazon.com/images/I/51aGBO0uFaL._AA300_.jpg
LP 330 HEELCARE CUSHION CUPS,B00VA5BYP4,http://www.junglee.com/LP-330-HEELCARE-CUSHION-CUPS/dp/B00VA5BYP4,http://ec2.images-amazon.com/images/I/21U7R456jyL._AA300_.jpg
Body Sculpture BNS-003S/M-B Elastic Knee Support,B00VA5FSR4,http://www.junglee.com/Body-Sculpture-BNS-003S-Elastic-Support/dp/B00VA5FSR4,http://ec2.images-amazon.com/images/I/31mZE0naORL._AA300_.jpg
LP 708 OPEN PATELLA KNEE SUPPORT (OPEN PATELLA),B00VA59JWO,http://www.junglee.com/LP-OPEN-PATELLA-KNEE-SUPPORT/dp/B00VA59JWO,http://ec2.images-amazon.com/images/I/51htKNqLnKL._AA300_.jpg
Suunto Core Alu Pure White Heart Rate Monitors,B00FON80IC,http://www.junglee.com/Suunto-Core-White-Heart-Monitors/dp/B00FON80IC,http://ec2.images-amazon.com/images/I/41j0Kvx5q1L._AA300_.jpg
LP 751 TENNIS & GOLF ELBOW WRAP,B00VA5A9O6,http://www.junglee.com/LP-TENNIS-GOLF-ELBOW-WRAP/dp/B00VA5A9O6,http://ec2.images-amazon.com/images/I/51yKi4KxpYL._AA300_.jpg
LP 764 ANKLE SUPPORT (LEFT / RIGHT),B00VA59UGO,http://www.junglee.com/LP-ANKLE-SUPPORT-LEFT-RIGHT/dp/B00VA59UGO,http://ec2.images-amazon.com/images/I/31PMdQ2gzvL._AA300_.jpg
LP 727 BACK SUPPORT WITH STAYS,B00VA5AE32,http://www.junglee.com/LP-BACK-SUPPORT-WITH-STAYS/dp/B00VA5AE32,http://ec2.images-amazon.com/images/I/31fRk0yZIeL._AA300_.jpg
LP 941 ELASTIC KNEE SUPPORT,B00VA5AQTY,http://www.junglee.com/LP-941-ELASTIC-KNEE-SUPPORT/dp/B00VA5AQTY,http://ec2.images-amazon.com/images/I/31tpATISxzL._AA300_.jpg
LP 758 OPEN PATELLA KNEE SUPPORT (WRAP TYPE),B00VA59M1C,http://www.junglee.com/LP-OPEN-PATELLA-KNEE-SUPPORT/dp/B00VA59M1C,http://ec2.images-amazon.com/images/I/31CPj5YTC8L._AA300_.jpg
LP 711A WAIST TRIMMER (TWO SIDE NYLON),B00VA5AC2U,http://www.junglee.com/LP-711A-WAIST-TRIMMER-NYLON/dp/B00VA5AC2U,http://ec2.images-amazon.com/images/I/31y4EwOPt5L._AA300_.jpg
LP 728 ANKLE SUPPORT WITH STAYS,B00VA59WL2,http://www.junglee.com/LP-ANKLE-SUPPORT-WITH-STAYS/dp/B00VA59WL2,http://ec2.images-amazon.com/images/I/31166fZgUKL._AA300_.jpg
"Burn 14"" Threaded Bar With Two Star Collars*",B00UFFZ3ZC,http://www.junglee.com/Burn-Threaded-With-Star-Collars/dp/B00UFFZ3ZC,http://ec2.images-amazon.com/images/I/31he5GV0%2BtL._AA300_.jpg
Roxy Flip Side Sports Top*,B00VA5HAAW,http://www.junglee.com/Roxy-Flip-Side-Sports-Top/dp/B00VA5HAAW,http://ec2.images-amazon.com/images/I/61WVt1dsEAL._AA1000_.jpg
LP 631 KNEE WRAPS,B00VA5BAD0,http://www.junglee.com/LP-Supports-A006138-KNEE-WRAPS/dp/B00VA5BAD0,http://ec2.images-amazon.com/images/I/61Nhc7Tkl3L._AA300_.jpg
Body Sculpture BK-917DEBI-B Digital Hand Grip,B00VA5EORY,http://www.junglee.com/Body-Sculpture-BK-917DEBI-B-Digital-Hand/dp/B00VA5EORY,http://ec2.images-amazon.com/images/I/610iYKeus4L._AA1000_.jpg
Nike Men's Alpha Training Grip*,B00ZRHXRE2,http://www.junglee.com/Nike-Mens-Alpha-Training-Grip/dp/B00ZRHXRE2,http://ec2.images-amazon.com/images/I/41qAB7qCIuL._AA300_.jpg
KT Pro Tape*,B00ZRJ5DJW,http://www.junglee.com/N-A-13137293DSPRTG-Pro-Tape/dp/B00ZRJ5DJW,http://ec2.images-amazon.com/images/I/51hG7cA67NL._AA300_.jpg
LP 755 THIGH / CALF SUPPORT,B00VA5AKSQ,http://www.junglee.com/LP-755-THIGH-CALF-SUPPORT/dp/B00VA5AKSQ,http://ec2.images-amazon.com/images/I/41SYR2s8%2BQL._AA300_.jpg
LP 323 SILICONE FULL INSOLES,B00VA5BWG0,http://www.junglee.com/LP-323-SILICONE-FULL-INSOLES/dp/B00VA5BWG0,http://ec2.images-amazon.com/images/I/41gO%2BnZvJDL._AA300_.jpg
LP 330 Heel Cushions Size Small,B00VA5R5AM,http://www.junglee.com/LP-Heel-Cushions-Size-Small/dp/B00VA5R5AM,http://ec2.images-amazon.com/images/I/415uNmrftVL._AA300_.jpg
Body Sculpture BB-2060EG-B Body Trimmer Plus,B00VA5E2PI,http://www.junglee.com/Body-Sculpture-BB-2060EG-B-Trimmer-Plus/dp/B00VA5E2PI,http://ec2.images-amazon.com/images/I/419g7rUA2fL._AA300_.jpg
As Sports Leather Army Pt Shoes (black),B00X7C5VCA,http://www.junglee.com/Sports-Leather-Army-Shoes-black/dp/B00X7C5VCA,http://ec2.images-amazon.com/images/I/615fH6%2B6V7L._AA1000_.jpg
Vinex Weight Training Belt Xx Large,B00T99UWII,http://www.junglee.com/Vinex-Weight-Training-Belt-Large/dp/B00T99UWII,http://ec2.images-amazon.com/images/I/314ZE%2BGqXOL._AA300_.jpg
EcoWellness AB Wheel Plus,B00INKI0F6,http://www.junglee.com/Ecowellness-AB-Wheel-Plus-EcoWellness/dp/B00INKI0F6,,
LP 846 Band - SUPER HEAVY,B00VA5BS50,http://www.junglee.com/LP-846-Band-SUPER-HEAVY/dp/B00VA5BS50,http://ec2.images-amazon.com/images/I/41AJK79a%2BOL._AA300_.jpg
Body Sculpture BB-917AEB-B Delux Hand Grip,B00VA5EQW2,http://www.junglee.com/Body-Sculpture-BB-917AEB-B-Delux-Hand/dp/B00VA5EQW2,http://ec2.images-amazon.com/images/I/416vCaimY%2BL._AA300_.jpg
Body Sculpture BB-2010EG-B Body Trimmer Tube 122 Cm,B00VA5DX5S,http://www.junglee.com/Body-Sculpture-BB-2010EG-B-Trimmer-Tube/dp/B00VA5DX5S,http://ec2.images-amazon.com/images/I/31l%2BN4JcTML._AA300_.jpg
Mc David Ankle X 6524,B00T98WN54,http://www.junglee.com/Mc-David-Ankle-X-6524/dp/B00T98WN54,http://ec2.images-amazon.com/images/I/41DIj9PtMAL._AA300_.jpg
Sklz Pro Door Attachment,B00T9AGWPE,http://www.junglee.com/SKLZ-A001542-Sklz-Door-Attachment/dp/B00T9AGWPE,http://ec2.images-amazon.com/images/I/31q1-GEnjoL._AA300_.jpg
Garmin Forerunner 920XT Running GPS Watch Without Heart Rate Monitor,B00X7A7FDU,http://www.junglee.com/Garmin-Forerunner-Running-Without-Monitor/dp/B00X7A7FDU,http://ec2.images-amazon.com/images/I/41FcikcL6uL._AA300_.jpg
Usi Rubber Puller Exerciser 8411,B00T99E9C8,http://www.junglee.com/Usi-Rubber-Puller-Exerciser-8411/dp/B00T99E9C8,http://ec2.images-amazon.com/images/I/41zNY-WceSL._AA300_.jpg
Sklz Rip 60,B00T9AGZVA,http://www.junglee.com/SKLZ-A001543-Sklz-Rip-60/dp/B00T9AGZVA,http://ec2.images-amazon.com/images/I/41Sa1nrOCpL._AA300_.jpg
Mc David Ankle Sleeve Support With Strap 6521,B00T98WDYU,http://www.junglee.com/David-Ankle-Sleeve-Support-Strap/dp/B00T98WDYU,http://ec2.images-amazon.com/images/I/41Ks5ILqIAL._AA300_.jpg
Sklz Weighted Vest,B00T9AG5BK,http://www.junglee.com/SKLZ-A001531-Sklz-Weighted-Vest/dp/B00T9AG5BK,http://ec2.images-amazon.com/images/I/51i6XZTdesL._AA300_.jpg
Vinex Speed Reaction Balls,B00T99R434,http://www.junglee.com/Vinex-LYSN3678-Speed-Reaction-Balls/dp/B00T99R434,http://ec2.images-amazon.com/images/I/41vWBVYbNJL._AA300_.jpg
Vinex Anklets Gold Xl,B00T99G98K,http://www.junglee.com/Vinex-LYSN1774-Anklets-Gold-Xl/dp/B00T99G98K,http://ec2.images-amazon.com/images/I/31Jpt%2BIY8nL._AA300_.jpg
Vinex Regular Hoops 24 Inch (Pack Of 03 Pcs),B00T99WXNA,http://www.junglee.com/Vinex-Regular-Hoops-Inch-Pack/dp/B00T99WXNA,http://ec2.images-amazon.com/images/I/41cVidVsZDL._AA300_.jpg
DreamFit 8kg Adjustable Grip Dumbell Rubber Plates + 3 Rods (1 Curl) + Gym Bag + Skipping Rope + Gym Gloves + Wrist Band*,B00UFFTI5S,http://www.junglee.com/DreamFit-Adjustable-Dumbell-Rubber-Skipping/dp/B00UFFTI5S,http://ec2.images-amazon.com/images/I/514jIq953KL._AA300_.jpg
