4Fun,
Aquapac,
Avi Industries,
Berghaus,
BnB Rack,
BTwin,
Camelbak,
Cateye,
Cold Killers,
Coleman,
Cramster,
Cratoni,
Dirtsack,
Dorr,
Dragon Alliance,
Dry Inside,
DSG,
Fox,
Gerber,
Hi-Tec,
Horizon Socks,
IceToolz,
K&N,
Knox Armours,
Knox Hand Armours,
Lazer Helmets,
Led Lenser,
MasterLock,
Minoura,
Mos-Quit-O,
MotoTech,
Mpowerd,
Muc-Off,
Nordic Grip,
Omega Pacific,
OTG,
Pavillo,
Peebuddy,
Petzl,
Proviz,
Quechua,
QuipCo,
Red Pillar,
Right Side Gear,
Rynox,
Sas Tec,
Sea Specs,
Solognac,
Speedo,
Tribord,
Trimm,
Viaterra,
Warmee,
Wildcraft,
Wind,
