category,description,MRP,SP,imgurl1,imgurl,productname
Jump Rope ,"
	1) Antimicrobial treated handles control odor and staining caused by bacteria ,
	2) Steel bearings for smooth, consistent swing motion ,
	3) Dual-corded rope resists abrasion and maintains shape ,
	4) Dual injection molded handles enhance grip for greater control",899,89,"http://harbingerfitnessindia.com//7506secure/upload/81x100/thumb_81x100_495e7b0694e453bb9ad0faacac718d80.jpg,http://harbingerfitnessindia.com//7506secure/upload/81x100/thumb_81x100_95286a045d8ca5cf2336119d1137faae.jpg",http://harbingerfitnessindia.com//7506secure/upload/155x195/thumb_155x195_495e7b0694e453bb9ad0faacac718d80.jpg,"
	Anti-Microbial Speed Rope"
Training Aids ,"
	Designed to alleviate stress on wrist joints Increases range of motion during push-ups Cushioned comfort grips reduce hand fatigue Delta shape base stabilizes platform with even weight distribution Non-skid rubber traction pads Easy cleaning, transport and storage",1199,179,,http://harbingerfitnessindia.com//7506secure/upload/155x195/thumb_155x195_b5e4bacfcc153d13e465193789206ed9.jpg,"
	Push Up Bars"
Fitness Gloves ,"
	StretchBack™ performance mesh on back of hand and between fingers increases flexibility,
	Leather palm protects hand and maintains strong feel on bar,
	Open cell foam cushions palm and fingers,
	½ finger length increases contact with grip,
	Enhanced thumb protection,
	Double stitched for enhanced durability,
	Fully adjustable wrist closure",749,674,"http://harbingerfitnessindia.com//7506secure/upload/81x100/thumb_81x100_0630d856b8ad959629885218f19202e0.jpg,http://harbingerfitnessindia.com//7506secure/upload/81x100/thumb_81x100_35f5c5e42199e7297eafb9eece60e79b.jpg,http://harbingerfitnessindia.com//7506secure/upload/81x100/thumb_81x100_3e6e26b22fd474b7f6f0737431cd877d.jpg",http://harbingerfitnessindia.com//7506secure/upload/155x195/thumb_155x195_0630d856b8ad959629885218f19202e0.jpg,"
	Power StretchBack"
Resistance Cables ,"
	1) For total body toning and gains in strength, endurance and performance,
	2) PowerAmp™ xXx tubing lasts 3x’s longer than standard cables,
	3) Molded foam handles enhance grip comfort,
	4) Heavy duty door jamb attachment provides more exercise options,
	5) Lightweight and portable",1199,,"http://harbingerfitnessindia.com//7506secure/upload/81x100/thumb_81x100_028e1b852421578c72a9facc4791a9bb.jpg,http://harbingerfitnessindia.com//7506secure/upload/81x100/thumb_81x100_e6c5d0cafc2232a39c723d4e00b1a3f0.jpg",http://harbingerfitnessindia.com//7506secure/upload/155x195/thumb_155x195_028e1b852421578c72a9facc4791a9bb.jpg,"
	FlexFast Cable 10lb"
Fitness Gloves ,"
	For kick-boxing, martial arts and bag work,
	Designed specifically for women,
	Fully adjustable graduated leather WristWrap provides maximum support and flexibility,
	NoSweat™ lining wicks away moisture to keep hands dry,
	Ultra-light foam protects with minimum bulk,
	Hinged thumb allows full range of motion and positions thumb next to fist,
	Fully-padded open finger design maximizes protection,
	Cushioned palm absorbs shock",2899,269,"http://harbingerfitnessindia.com//7506secure/upload/81x100/thumb_81x100_ab8eba09ea353b54e55c118392579f69.jpg,http://harbingerfitnessindia.com//7506secure/upload/81x100/thumb_81x100_043304d9a69ab19d2837b1f5199df3d9.jpg,http://harbingerfitnessindia.com//7506secure/upload/81x100/thumb_81x100_07a420021d6e288bda39184c9381eb51.jpg,http://harbingerfitnessindia.com//7506secure/upload/81x100/thumb_81x100_4a023fe4e1095a19cdd0f90dec6ad3d6.jpg",http://harbingerfitnessindia.com//7506secure/upload/155x195/thumb_155x195_ab8eba09ea353b54e55c118392579f69.jpg,"
	Womens Wristwrap"
Fitness Gloves ,"
	For kick-boxing, martial arts and bag work,
	Fully adjustable graduated leather WristWrap provides maximum support and flexibility,
	Ultra-light foam protects with minimum bulk,
	NoSweat™ lining wicks away moisture to keep hands dry,
	Hinged thumb allows full range of motion and positions thumb next to fist,
	Fully-padded open finger design maximizes protection,
	Cushioned palm absorbs shock",3799,3419,"http://harbingerfitnessindia.com//7506secure/upload/81x100/thumb_81x100_429c249dfd9130640b1b01cb08d2bae2.jpg,http://harbingerfitnessindia.com//7506secure/upload/81x100/thumb_81x100_0d9d2406f4208d842d828c1bd65826b4.jpg,http://harbingerfitnessindia.com//7506secure/upload/81x100/thumb_81x100_8640340f341add9347579779dcb81b79.jpg,http://harbingerfitnessindia.com//7506secure/upload/81x100/thumb_81x100_9e36beda2eccf1f6599a3a171c2005a6.jpg",http://harbingerfitnessindia.com//7506secure/upload/155x195/thumb_155x195_429c249dfd9130640b1b01cb08d2bae2.jpg,"
	Wristwrap"
Fitness Gloves ,,749,674,,http://harbingerfitnessindia.com//7506secure/upload/155x195/thumb_155x195_a7afc0b6d717ee81b7b5e9395a84ddec.jpg,"
	Womens Power StretchBack"
Jump Rope ,"
	1) Ergonomically-correct trigger handles maximize control and comfort,
	2) Steel bearings for smooth, consistent swing motion,
	3) Dual-corded rope resists abrasion and maintains shape",899,89,"http://harbingerfitnessindia.com//7506secure/upload/81x100/thumb_81x100_2ce844a4e0b4ab39163a37ce1226e14a.jpg,http://harbingerfitnessindia.com//7506secure/upload/81x100/thumb_81x100_81ff13e589cd6486579c6f9551e3a4a0.jpg",http://harbingerfitnessindia.com//7506secure/upload/155x195/thumb_155x195_2ce844a4e0b4ab39163a37ce1226e14a.jpg,"
	Trigger Handle PVC"
Fitness Gloves ,"
	StretchBack™ performance mesh on back of hand and between fingers increases flexibility,
	Leather palm protects hand and maintains strong feel on bar,
	Open cell foam cushions palm and fingers,
	½ finger length increases contact with grip,
	Enhanced thumb protection,
	Double stitched for enhanced durability,
	Fully adjustable wrist closure",749,674,"http://harbingerfitnessindia.com//7506secure/upload/81x100/thumb_81x100_0630d856b8ad959629885218f19202e0.jpg,http://harbingerfitnessindia.com//7506secure/upload/81x100/thumb_81x100_35f5c5e42199e7297eafb9eece60e79b.jpg,http://harbingerfitnessindia.com//7506secure/upload/81x100/thumb_81x100_3e6e26b22fd474b7f6f0737431cd877d.jpg",http://harbingerfitnessindia.com//7506secure/upload/155x195/thumb_155x195_0630d856b8ad959629885218f19202e0.jpg,"
	Power StretchBack"
Jump Rope ,"
	1) Ergonomically-correct trigger handles maximize control and comfort,
	2) Abrasion-resistant DuraGrade™ leather rope,
	3) Steel bearings for smooth, consistent swing motion",899,89,,http://harbingerfitnessindia.com//7506secure/upload/155x195/thumb_155x195_a5e073ee1918c8368fcc0e59aecc221d.jpg,"
	Trigger Handle Leather"
Balance Trainer ,"
	1) Builds core strength by targeting specific muscle groups while exercising – standing, sitting, squatting, kneeling and lying down,
	2) Soft disc is moisture resistant, portable and easy to clean,
	3) Air pressure may be adjusted using ball pump with needle adaptor",1899,179,"http://harbingerfitnessindia.com//7506secure/upload/81x100/thumb_81x100_90d7394ddb5bcf3ce561b585f4f78ac5.jpg,http://harbingerfitnessindia.com//7506secure/upload/81x100/thumb_81x100_969c886376401c250e26757fe9c0680c.jpg,http://harbingerfitnessindia.com//7506secure/upload/81x100/thumb_81x100_1a36105bbb40d4e5cba12e460aca033f.jpg",http://harbingerfitnessindia.com//7506secure/upload/155x195/thumb_155x195_90d7394ddb5bcf3ce561b585f4f78ac5.jpg,"
	Balance Trainer"
Wraps & Straps ,"
	1) Heavyweight elastic provides strong support and knee stability,
	2) Full 72” length offers multiple wraps and knee positioning",1199,179,"http://harbingerfitnessindia.com//7506secure/upload/81x100/thumb_81x100_3f3f471448b3d2581a54fba0a71e16cd.jpg,http://harbingerfitnessindia.com//7506secure/upload/81x100/thumb_81x100_0cb9471fd265f1a0df1bd6d956983150.jpg,http://harbingerfitnessindia.com//7506secure/upload/81x100/thumb_81x100_e1f108529d69c485f98fbba38a34e72b.jpg",http://harbingerfitnessindia.com//7506secure/upload/155x195/thumb_155x195_3f3f471448b3d2581a54fba0a71e16cd.jpg,"
	Power-Knee Wrap"
Fitness Belts ,"
	Designed to fit the natural shape of back,
	EVA support struts stabilize lower back and abdominal muscles,
	Contoured design promotes proper posture and lifting technique,
	Heavy gauge steel tensioning buckle customizes fit",1899,179,"http://harbingerfitnessindia.com//7506secure/upload/81x100/thumb_81x100_2bdc978a749027a4186ed241660eee47.jpg,http://harbingerfitnessindia.com//7506secure/upload/81x100/thumb_81x100_dd7d77349f842575665683416fb981c1.jpg,http://harbingerfitnessindia.com//7506secure/upload/81x100/thumb_81x100_1757eff3a1942e004409e6b603d29bd6.jpg",http://harbingerfitnessindia.com//7506secure/upload/155x195/thumb_155x195_2bdc978a749027a4186ed241660eee47.jpg,"
	7.5 Firm Fit Contour"
Resistance Cables ,"
	1) For total body toning and gains in strength, endurance and performance,
	2) PowerAmp™ xXx tubing lasts 3x’s longer than standard resistance cable — more than 30,000 stretch cycles,
	3) Molded foam handles enhance grip comfort,
	4) Lightweight and portable",899,,"http://harbingerfitnessindia.com//7506secure/upload/81x100/thumb_81x100_2cc7e5d41d3ede688222c8931d4bb53d.jpg,http://harbingerfitnessindia.com//7506secure/upload/81x100/thumb_81x100_1e8f1e772c6857f1326a32245da469c1.jpg",http://harbingerfitnessindia.com//7506secure/upload/155x195/thumb_155x195_2cc7e5d41d3ede688222c8931d4bb53d.jpg,"
	Cable 8 Super Heavy"
Mats ,"
	Full 2” tri-density padding for extra comfort and support,
	Zippered moisture-resistant cover wipes down,
	Integrated nylon handles for easy transport and storage",4599,4139,"http://harbingerfitnessindia.com//7506secure/upload/81x100/thumb_81x100_2fec6368a35b31890eebb0bb244e7b3a.jpg,http://harbingerfitnessindia.com//7506secure/upload/81x100/thumb_81x100_240c62af37b1d6175de3f92f48a431e2.jpg,http://harbingerfitnessindia.com//7506secure/upload/81x100/thumb_81x100_ae400963b3756dd8aaadd169dedd7f8b.jpg",http://harbingerfitnessindia.com//7506secure/upload/155x195/thumb_155x195_2fec6368a35b31890eebb0bb244e7b3a.jpg,"
	Tri-Fold Mat"
Mats ,"
	Antimicrobial treatment controls odor and staining caused by bacteria,
	5/8” closed cell Durafoam™ mat for stretching and floor exercise,
	No-Slip surface helps prevent injury,
	Non-skid ribbing grips floor and minimizes sliding,
	Integrated strap for convenient roll-up, transport and storage,
	Easy-to-clean moisture resistant skin",3399,,"http://harbingerfitnessindia.com//7506secure/upload/81x100/thumb_81x100_8ddcff0a6cd1727ca1459261f6ea53b2.jpg,http://harbingerfitnessindia.com//7506secure/upload/81x100/thumb_81x100_a2b6bcc174ff09004d20900e4992400d.jpg",http://harbingerfitnessindia.com//7506secure/upload/155x195/thumb_155x195_8ddcff0a6cd1727ca1459261f6ea53b2.jpg,"
	Antimicrobial Durafoam Mat 5/8"
Mats ,"
	100% recyclable foam in dual layer design with No-Slip textured surface,
	3/8” low-profile mat for greater “feel” on floor,
	Non-skid bottom ridges grip floor and minimize sliding,
	Removable strap for convenient transport and storage,
	Easy-to-clean moisture resistant skin",3299,,"http://harbingerfitnessindia.com//7506secure/upload/81x100/thumb_81x100_078de7143c314a10f7d2a61c9737ba62.jpg,http://harbingerfitnessindia.com//7506secure/upload/81x100/thumb_81x100_9a1128ffa58b74ecd22094e5d052a6b6.jpg,http://harbingerfitnessindia.com//7506secure/upload/81x100/thumb_81x100_7942be743dcf185b104bdf30302e7bf8.jpg,http://harbingerfitnessindia.com//7506secure/upload/81x100/thumb_81x100_1b89487ec802406f599335d157cd9135.jpg,http://harbingerfitnessindia.com//7506secure/upload/81x100/thumb_81x100_91beb56cfa914e370195e282fbad3bfc.jpg",http://harbingerfitnessindia.com//7506secure/upload/155x195/thumb_155x195_078de7143c314a10f7d2a61c9737ba62.jpg,"
	Eco-Fit Training Mat"
Training Balls ,"
	1) Enhances Strength and endurance by helping you isolate specific muscle groups during training,
	2) Increases balance and coordination as you incorporate it into your weight-training, aerobic and resistance workouts.,
	3) Has gripping ridges that provide excellent traction",2099,,,http://harbingerfitnessindia.com//7506secure/upload/155x195/thumb_155x195_1d2c8221c1162fb8d4d06be006698c58.jpg,"
	Training Ball 75 cm"
Training Balls ,"
	1) Enhances Strength and endurance by helping you isolate specific muscle groups during training,
	2) Increases balance and coordination as you incorporate it into your weight-training, aerobic and resistance workouts.,
	3) Has gripping ridges that provide excellent traction",1799,,,http://harbingerfitnessindia.com//7506secure/upload/155x195/thumb_155x195_b4e88d23fff802ed9e425b580e81686d.jpg,"
	Training Ball 65 cm"
Bar Pads  ,"
	Premium 15mm Neotek™ foam core cushions neck and shoulders Sueded Comfort Tech™ cover is smooth and easy to clean Fits Olympic bar",1199,179,"http://harbingerfitnessindia.com//7506secure/upload/81x100/thumb_81x100_a2a873b74298b4cd2535a485a35d6b8b.jpg,http://harbingerfitnessindia.com//7506secure/upload/81x100/thumb_81x100_e9c2899a9c05a1b020957cce2719769d.jpg",http://harbingerfitnessindia.com//7506secure/upload/155x195/thumb_155x195_a2a873b74298b4cd2535a485a35d6b8b.jpg,"
	Olympic Bar Pad"
Training Balls ,"
	1) Enhances Strength and endurance by helping you isolate specific muscle groups during training,
	2) Increases balance and coordination as you incorporate it into your weight-training, aerobic and resistance workouts.,
	3) Has gripping ridges that provide excellent traction",1399,,,http://harbingerfitnessindia.com//7506secure/upload/155x195/thumb_155x195_5ed8671d85501392ddc89d030193ae9e.jpg,"
	Training Ball 55 cm"
Training Aids ,"
	For neck and back strengthening Heavy duty Cordura nylon construction 30” steel chain with plate attachment mechanism Synthetic shearling pad lining enhances comfort Fully adjustable sizing",1499,1349,"http://harbingerfitnessindia.com//7506secure/upload/81x100/thumb_81x100_3631cb51287cb60e8cc954520a6684bf.jpg,http://harbingerfitnessindia.com//7506secure/upload/81x100/thumb_81x100_1ddced2acc39c9497e89ce883647b9eb.jpg",http://harbingerfitnessindia.com//7506secure/upload/155x195/thumb_155x195_3631cb51287cb60e8cc954520a6684bf.jpg,"
	Nylon Head Harness"
Training Aids ,"
	Designed to alleviate stress on wrist joints Increases range of motion during push-ups Cushioned comfort grips reduce hand fatigue Delta shape base stabilizes platform with even weight distribution Non-skid rubber traction pads Easy cleaning, transport and storage",1199,179,,http://harbingerfitnessindia.com//7506secure/upload/155x195/thumb_155x195_b5e4bacfcc153d13e465193789206ed9.jpg,"
	Push Up Bars"
Training Aids ,"
	Use with weight stack to strengthen and tone leg muscles Heavy duty steel D ring clips on to universal gym cables Plush neoprene padding protects and cushions ankle Adjustable closure",649,584,"http://harbingerfitnessindia.com//7506secure/upload/81x100/thumb_81x100_d2fe120754caa10fcb72eb1a25922a4a.jpg,http://harbingerfitnessindia.com//7506secure/upload/81x100/thumb_81x100_43c1808f456199cb5b301707048f62c0.jpg",http://harbingerfitnessindia.com//7506secure/upload/155x195/thumb_155x195_d2fe120754caa10fcb72eb1a25922a4a.jpg,"
	Neoprene Padded Ankle Cuff 2"
Training Aids ,"
	Designed to enhance grip and reduce finger fatigue Neoprene wrist pad cushions and keeps wrist in proper position to help prevent hyperextension Ballistic grade nylon increases durability Fully adjustable closure",1499,1349,"http://harbingerfitnessindia.com//7506secure/upload/81x100/thumb_81x100_85a31d8d1d614fa7f1b04d8c3f8cfe64.jpg,http://harbingerfitnessindia.com//7506secure/upload/81x100/thumb_81x100_331753a1cbf464915916acdb7368bf50.jpg",http://harbingerfitnessindia.com//7506secure/upload/155x195/thumb_155x195_85a31d8d1d614fa7f1b04d8c3f8cfe64.jpg,"
	Lifting Hook"
Training Aids ,"
	For training triceps, biceps and shoulders Full 26” length of 1 ¼” heavy duty nylon rope Custom engineered ball grips for stronger grip Heavy duty steel receiver attaches to universal gym cables",1799,1619,"http://harbingerfitnessindia.com//7506secure/upload/81x100/thumb_81x100_c099ff9e6b42a7ae65fa37a95bbb23a5.jpg,http://harbingerfitnessindia.com//7506secure/upload/81x100/thumb_81x100_e9110632914454509f2cf9343508871b.jpg",http://harbingerfitnessindia.com//7506secure/upload/155x195/thumb_155x195_c099ff9e6b42a7ae65fa37a95bbb23a5.jpg,"
	Tri Cep Rope 26"
Training Aids ,"
	For training triceps, biceps and shoulders Extended 36” length for full range of motion Internal bearing mechanism for smooth rope rotation Ergonomically-designed rubber ends offer maximum pull leverage Heavy duty steel receiver attaches to universal gym cables",2799,2519,"http://harbingerfitnessindia.com//7506secure/upload/81x100/thumb_81x100_b9287069a43fc5886aba3ef50163057b.jpg,http://harbingerfitnessindia.com//7506secure/upload/81x100/thumb_81x100_b263aab7d1548cbb133c8fac7bebcf57.jpg",http://harbingerfitnessindia.com//7506secure/upload/155x195/thumb_155x195_b9287069a43fc5886aba3ef50163057b.jpg,"
	Tri Cep Rope 36"
Training Aids ,,2199,1979,,http://harbingerfitnessindia.com//7506secure/upload/155x195/thumb_155x195_449b2b6f120c5a35854d883b79daaf79.jpg,"
	Ab Strap Basic"
Training Aids ,"
	For strengthening and toning abdominal muscles 1 ½” high-density padding supports and cushions arms during use Heavy duty Cordura nylon with steel grommets Brushed nylon lining for enhanced comfort Forged steel carabineers lock on to any universal gym",3799,3419,"http://harbingerfitnessindia.com//7506secure/upload/81x100/thumb_81x100_d2831ebc67765adf7d53925b9e7ea455.jpg,http://harbingerfitnessindia.com//7506secure/upload/81x100/thumb_81x100_72017c00cc3389f8a3e1e3b5df7164c6.jpg,http://harbingerfitnessindia.com//7506secure/upload/81x100/thumb_81x100_c9f58b04e03d5714e8a03cf34f98bfc2.jpg",http://harbingerfitnessindia.com//7506secure/upload/155x195/thumb_155x195_d2831ebc67765adf7d53925b9e7ea455.jpg,"
	Ab Straps Deluxe"
Mats ,"
	5/8” closed cell Durafoam™ mat for stretching and floor exercise,
	No-Slip surface helps prevent injury,
	Non-skid ribbing grips floor and minimizes sliding,
	Integrated strap for convenient roll-up, transport and storage,
	Easy-to-clean moisture resistant skin",2599,,"http://harbingerfitnessindia.com//7506secure/upload/81x100/thumb_81x100_abe6a38db38eca327d7efa305ba27b86.jpg,http://harbingerfitnessindia.com//7506secure/upload/81x100/thumb_81x100_9fdb6f3112695f1745ea364ed88c3ecd.jpg,http://harbingerfitnessindia.com//7506secure/upload/81x100/thumb_81x100_ccccc5bb41067969f15b325844a0c843.jpg",http://harbingerfitnessindia.com//7506secure/upload/155x195/thumb_155x195_abe6a38db38eca327d7efa305ba27b86.jpg,"
	Durafoam Mat 5/8"
Mats ,"
	Antimicrobial treatment controls odor and staining caused by bacteria,
	3/8” closed cell Durafoam™ mat cushions while exercising,
	Non-slip surface and non-skid bottom helps prevent injury,
	Integrated strap for convenient roll-up, transport and storage,
	Easy-to-clean moisture resistant surface",2399,,"http://harbingerfitnessindia.com//7506secure/upload/81x100/thumb_81x100_b5a07a6b2bbacd68d76c9f4daca18f8e.jpg,http://harbingerfitnessindia.com//7506secure/upload/81x100/thumb_81x100_dcf8962156bd1b42c591a9270587edce.jpg",http://harbingerfitnessindia.com//7506secure/upload/155x195/thumb_155x195_b5a07a6b2bbacd68d76c9f4daca18f8e.jpg,"
	Antimicrobial Durafoam Mat 3/8"
Fitness Belts ,,1399,1259,"http://harbingerfitnessindia.com//7506secure/upload/81x100/thumb_81x100_57bbf5773b1bacb43512c5bd66e2eb9c.jpg,http://harbingerfitnessindia.com//7506secure/upload/81x100/thumb_81x100_92b025f4abc76c0a9c0aca5da6d8a138.jpg,http://harbingerfitnessindia.com//7506secure/upload/81x100/thumb_81x100_108ff72ef39ecc3064aa97510b0bde59.jpg,http://harbingerfitnessindia.com//7506secure/upload/81x100/thumb_81x100_ce882a519750ce2207d0e331e3b4f060.jpg,http://harbingerfitnessindia.com//7506secure/upload/81x100/thumb_81x100_2ebca59ad2c7a79027db4ac9d664378a.jpg",http://harbingerfitnessindia.com//7506secure/upload/155x195/thumb_155x195_57bbf5773b1bacb43512c5bd66e2eb9c.jpg,"
	4 Padded Leather (NEW)"
Resistance Cables ,"
	1) For total body toning and gains in strength, endurance and performance 2) PowerAmp™ xXx tubing lasts 3x’s longer than standard resistance cable — more than 30,000 stretch cycles 3) Molded foam handles enhance grip comfort 4) Lightweight and portable",899,,"http://harbingerfitnessindia.com//7506secure/upload/81x100/thumb_81x100_e253681ad9e68331cc03fc2b6756808b.jpg,http://harbingerfitnessindia.com//7506secure/upload/81x100/thumb_81x100_2033f3e37cfffc91079c98ea1c55f944.jpg",http://harbingerfitnessindia.com//7506secure/upload/155x195/thumb_155x195_e253681ad9e68331cc03fc2b6756808b.jpg,"
	Cable 8 Medium"
Fitness Belts ,"
	Extra wide 5” belt with 3” support strap stabilizes lower back and abdomen during heavy lifting,
	Breathable plush tricot lining,
	Flexible ultra-light foam core under abrasion-resistant nylon skin maintains muscle warmth,
	Heavy gauge steel tensioning buckle customizes fit",1499,1349,"http://harbingerfitnessindia.com//7506secure/upload/81x100/thumb_81x100_03a37c9c9609b02fbf6375c50749fb21.jpg,http://harbingerfitnessindia.com//7506secure/upload/81x100/thumb_81x100_83f7a468dc6f78ea9573a889fed9b4eb.jpg,http://harbingerfitnessindia.com//7506secure/upload/81x100/thumb_81x100_cb825bd6cd93a7d3efcbe8cb0e1905c0.jpg",http://harbingerfitnessindia.com//7506secure/upload/155x195/thumb_155x195_03a37c9c9609b02fbf6375c50749fb21.jpg,"
	Classic 5 Firm "
Fitness Belts ,"
	Full 4” wide belt with 3” support strap helps protect lower back and abdomen,
	Flexible nylon web core moves with body,
	Heavy gauge steel tensioning buckle customizes fit",1149,134,"http://harbingerfitnessindia.com//7506secure/upload/81x100/thumb_81x100_072a10c1e376e000012e11d61dcc73a2.jpg,http://harbingerfitnessindia.com//7506secure/upload/81x100/thumb_81x100_fc2779504ebaddc2fa642197b8f093b4.jpg,http://harbingerfitnessindia.com//7506secure/upload/81x100/thumb_81x100_03965e1669702e21fc0392a61804c483.jpg",http://harbingerfitnessindia.com//7506secure/upload/155x195/thumb_155x195_072a10c1e376e000012e11d61dcc73a2.jpg,"
	Pro 4 Firm"
Resistance Cables ,"
	1) For total body toning and gains in strength, endurance and performance,
	2) PowerAmp™ xXx tubing lasts 3x’s longer than standard resistance cable — more than 30,000 stretch cycles,
	3) Molded foam handles enhance grip comfort,
	4) Lightweight and portable",999,899,,http://harbingerfitnessindia.com//7506secure/upload/155x195/thumb_155x195_75e1abd250ad6930f79412b305594dac.jpg,"
	Cable 8 Heavy"
Resistance Cables ,"
	1) For total body toning and gains in strength, endurance and performance,
	2) PowerAmp™ xXx tubing lasts 3x’s longer than standard resistance cable — more than 30,000 stretch cycles,
	3) Molded foam handles enhance grip comfort,
	4) Lightweight and portable",899,,"http://harbingerfitnessindia.com//7506secure/upload/81x100/thumb_81x100_a7c1f4d5ccf7a92ae53212b398eb45da.jpg,http://harbingerfitnessindia.com//7506secure/upload/81x100/thumb_81x100_8df6cc85ce09c089fdd673285637c0fd.jpg",http://harbingerfitnessindia.com//7506secure/upload/155x195/thumb_155x195_a7c1f4d5ccf7a92ae53212b398eb45da.jpg,"
	Cable 8 Light"
Resistance Cables ,"
	1) For total body toning and gains in strength, endurance and performance,
	2) PowerAmp™ xXx tubing lasts 3x’s longer than standard cables,
	3) Molded foam handles enhance grip comfort,
	4) Heavy duty door jamb attachment provides more exercise options,
	5) Lightweight and portable",1499,,"http://harbingerfitnessindia.com//7506secure/upload/81x100/thumb_81x100_65bff739196b8ae467593412f02811d2.jpg,http://harbingerfitnessindia.com//7506secure/upload/81x100/thumb_81x100_2ebb42dbae58db5e314ef4ce61020ac3.jpg",http://harbingerfitnessindia.com//7506secure/upload/155x195/thumb_155x195_65bff739196b8ae467593412f02811d2.jpg,"
	FlexFast Cable 40lb"
Bar Pads  ,"
	Premium 15mm Neotek™ foam core cushions neck and shoulders Sueded Comfort Tech™ cover is smooth and easy to clean Fits standard bar",999,899,"http://harbingerfitnessindia.com//7506secure/upload/81x100/thumb_81x100_deb94621ab481e44c72cf7e8359a6790.jpg,http://harbingerfitnessindia.com//7506secure/upload/81x100/thumb_81x100_d3b05198c6eca971e1a53c32c7f04e51.jpg",http://harbingerfitnessindia.com//7506secure/upload/155x195/thumb_155x195_deb94621ab481e44c72cf7e8359a6790.jpg,"
	Classic Bar Pad"
Resistance Cables ,"
	1) For total body toning and gains in strength, endurance and performance,
	2) PowerAmp™ xXx tubing lasts 3x’s longer than standard cables,
	3) Molded foam handles enhance grip comfort,
	4) Heavy duty door jamb attachment provides more exercise options,
	5) Lightweight and portable",1349,1214,"http://harbingerfitnessindia.com//7506secure/upload/81x100/thumb_81x100_19bfc2d0016ac6d830561849dd15ba4b.jpg,http://harbingerfitnessindia.com//7506secure/upload/81x100/thumb_81x100_27737eeab259f3a0ea4e7c9f249bf2d0.jpg",http://harbingerfitnessindia.com//7506secure/upload/155x195/thumb_155x195_19bfc2d0016ac6d830561849dd15ba4b.jpg,"
	FlexFast Cable 30lb"
Resistance Cables ,"
	1) For total body toning and gains in strength, endurance and performance,
	2) PowerAmp™ xXx tubing lasts 3x’s longer than standard cables,
	3) Molded foam handles enhance grip comfort,
	4) Heavy duty door jamb attachment provides more exercise options,
	5) Lightweight and portable",1299,,,http://harbingerfitnessindia.com//7506secure/upload/155x195/thumb_155x195_48c50e7a16c06819c76241989752480c.jpg,"
	FlexFast Cable 20lb"
Resistance Cables ,"
	1) For total body toning and gains in strength, endurance and performance,
	2) PowerAmp™ xXx tubing lasts 3x’s longer than standard cables,
	3) Molded foam handles enhance grip comfort,
	4) Heavy duty door jamb attachment provides more exercise options,
	5) Lightweight and portable",1199,,"http://harbingerfitnessindia.com//7506secure/upload/81x100/thumb_81x100_028e1b852421578c72a9facc4791a9bb.jpg,http://harbingerfitnessindia.com//7506secure/upload/81x100/thumb_81x100_e6c5d0cafc2232a39c723d4e00b1a3f0.jpg",http://harbingerfitnessindia.com//7506secure/upload/155x195/thumb_155x195_028e1b852421578c72a9facc4791a9bb.jpg,"
	FlexFast Cable 10lb"
Wraps & Straps ,,1399,1259,,http://harbingerfitnessindia.com//7506secure/upload/155x195/thumb_155x195_1c981ea8143e991ca9b1863f0f4d4b69.jpg,"
	Pro-Knee Wrap"
Wraps & Straps ,"
	Distinctive red line competition grade elastic maximizes knee stability and support Extended 78” length provides full spectrum tension in wrapping and knee positioning",1899,179,"http://harbingerfitnessindia.com//7506secure/upload/81x100/thumb_81x100_10679049d6cf7a44446ddfee6637fc18.jpg,http://harbingerfitnessindia.com//7506secure/upload/81x100/thumb_81x100_eb51aad6cd7b4f4189ecfdfe6292ceb8.jpg,http://harbingerfitnessindia.com//7506secure/upload/81x100/thumb_81x100_ea15dc0a9045869b2f02ad426e10350a.jpg",http://harbingerfitnessindia.com//7506secure/upload/155x195/thumb_155x195_10679049d6cf7a44446ddfee6637fc18.jpg,"
	Classic Knee Wrap"
Wraps & Straps ,,525,472,,http://harbingerfitnessindia.com//7506secure/upload/155x195/thumb_155x195_ee9e4f2fae3136745b6ff44c4c0209ed.jpg,"
	Power Slip On 12.5 "
Wraps & Straps ,"
	Extended 20” length provides strong support and wrist stability Thumb loop secures wrap on hand Fully adjustable closure",699,629,"http://harbingerfitnessindia.com//7506secure/upload/81x100/thumb_81x100_dab2cc8018ea7f6370cdbbcf3d7a84db.jpg,http://harbingerfitnessindia.com//7506secure/upload/81x100/thumb_81x100_eeeeb885e426d1ffb502eed3c994f65a.jpg",http://harbingerfitnessindia.com//7506secure/upload/155x195/thumb_155x195_dab2cc8018ea7f6370cdbbcf3d7a84db.jpg,"
	Pro Wrist Wrap-Thump Loop"
Wraps & Straps ,"
	Extended length strap for stronger wrap on bar Extra 1 ½” width increases contact on grip surface Merrowed end tabs prevent fraying Heavy duty stitching for enhanced durability",449,44,"http://harbingerfitnessindia.com//7506secure/upload/81x100/thumb_81x100_922fb09cb26af23aa97adbecbe9cf8f6.jpg,http://harbingerfitnessindia.com//7506secure/upload/81x100/thumb_81x100_4a52a42268b9e6713e44ab909bed7ed7.jpg",http://harbingerfitnessindia.com//7506secure/upload/155x195/thumb_155x195_922fb09cb26af23aa97adbecbe9cf8f6.jpg,"
	Power Lifting Strap"
Wraps & Straps ,"
	Heavy weight elastic construction. 30"" in length. Fully adjustable closure system helps secure wrap in place.",799,719,,http://harbingerfitnessindia.com//7506secure/upload/155x195/thumb_155x195_78dafd0fcec30c4fdda3871c13dee797.jpg,"
	Elastic Elbow Wrap"
Wraps & Straps ,"
	Neotek™ pad cushions wrists Extended length strap for stronger wrap on bar Extra 1 ½” width increases contact on grip surface Merrowed end tabs prevent fraying Heavy duty stitching for enhanced durability",549,494,"http://harbingerfitnessindia.com//7506secure/upload/81x100/thumb_81x100_2d0632140e92e253b94fc9207582f7ad.jpg,http://harbingerfitnessindia.com//7506secure/upload/81x100/thumb_81x100_ff8bf41d3d8fba6810e7d131437a0229.jpg",http://harbingerfitnessindia.com//7506secure/upload/155x195/thumb_155x195_2d0632140e92e253b94fc9207582f7ad.jpg,"
	Padded Cotton Lifting Strap"
Wraps & Straps ,,1499,1349,"http://harbingerfitnessindia.com//7506secure/upload/81x100/thumb_81x100_d1737e84044bdac24b600b81ebf0ea9e.jpg,http://harbingerfitnessindia.com//7506secure/upload/81x100/thumb_81x100_68ef7e35bb4cee7fd76e148bb64a7415.jpg,http://harbingerfitnessindia.com//7506secure/upload/81x100/thumb_81x100_df4717ec5799daa61f03a16fc40e087e.jpg",http://harbingerfitnessindia.com//7506secure/upload/155x195/thumb_155x195_d1737e84044bdac24b600b81ebf0ea9e.jpg,"
	Big Grip No-Slip Pro-Liftting Strap"
Wraps & Straps ,"
	DuraGrip™ rubber interwoven in heavy duty nylon increases traction on grip surface Extended length strap for stronger wrap on bar Heavy duty stitching for enhanced durability Patent pending",749,674,"http://harbingerfitnessindia.com//7506secure/upload/81x100/thumb_81x100_e0c0a50a3cfb7658ed7bd3d2836eb95b.jpg,http://harbingerfitnessindia.com//7506secure/upload/81x100/thumb_81x100_c38078dca41f3b65075621640ee08b53.jpg",http://harbingerfitnessindia.com//7506secure/upload/155x195/thumb_155x195_e0c0a50a3cfb7658ed7bd3d2836eb95b.jpg,"
	Big Grip No Slip Lifting Strap"
Jump Rope ,"
	1) Antimicrobial treated handles control odor and staining caused by bacteria ,
	2) Steel bearings for smooth, consistent swing motion ,
	3) Dual-corded rope resists abrasion and maintains shape ,
	4) Dual injection molded handles enhance grip for greater control",899,89,"http://harbingerfitnessindia.com//7506secure/upload/81x100/thumb_81x100_495e7b0694e453bb9ad0faacac718d80.jpg,http://harbingerfitnessindia.com//7506secure/upload/81x100/thumb_81x100_95286a045d8ca5cf2336119d1137faae.jpg",http://harbingerfitnessindia.com//7506secure/upload/155x195/thumb_155x195_495e7b0694e453bb9ad0faacac718d80.jpg,"
	Anti-Microbial Speed Rope"
Jump Rope ,"
	1) Steel bearings for smooth, consistent swing motion ,
	2) Dual-corded rope resists abrasion and maintains shape ,
	3) Dual injection molded handles enhance grip for greater control",799,719,"http://harbingerfitnessindia.com//7506secure/upload/81x100/thumb_81x100_d3ffaafa0c997e7a73a915fce3fa12c3.jpg,http://harbingerfitnessindia.com//7506secure/upload/81x100/thumb_81x100_f935da0e213341a1872b0faf4ea055fd.jpg",http://harbingerfitnessindia.com//7506secure/upload/155x195/thumb_155x195_d3ffaafa0c997e7a73a915fce3fa12c3.jpg,"
	Speed Rope"
Wraps & Straps ,"
	DuraGrip™ rubber interwoven in heavy duty nylon increases traction on grip surface Neotek™ pad cushions wrists Extended length strap for stronger wrap on bar Heavy duty stitching for enhanced durability Patent pending",949,854,"http://harbingerfitnessindia.com//7506secure/upload/81x100/thumb_81x100_4fd9ed04178ecfcdc92dd14d03902abd.jpg,http://harbingerfitnessindia.com//7506secure/upload/81x100/thumb_81x100_d521d89598e1009f7ece986673aa084e.jpg",http://harbingerfitnessindia.com//7506secure/upload/155x195/thumb_155x195_4fd9ed04178ecfcdc92dd14d03902abd.jpg,"
	Big Grip Padded Lifting Strap 21.5"
Fitness Gloves ,,1249,1124,"http://harbingerfitnessindia.com//7506secure/upload/81x100/thumb_81x100_b371a576c242a9b931c701db75c579a0.jpg,http://harbingerfitnessindia.com//7506secure/upload/81x100/thumb_81x100_662e20f288a52230f79b6b183f98654c.jpg,http://harbingerfitnessindia.com//7506secure/upload/81x100/thumb_81x100_8e1fd02358670bee1cd5468eeceac2dc.jpg",http://harbingerfitnessindia.com//7506secure/upload/155x195/thumb_155x195_b371a576c242a9b931c701db75c579a0.jpg,"
	Womens Pro Wash & Dry"
Fitness Gloves ,"
	Double leather palm protects hand and maintains feel on bar,
	Open cell foam cushions palm and fingers,
	½ finger length increases contact with grip surface,
	Wrap-around thumb protection,
	Double stitched for enhanced durability,
	Fully adjustable wrist closure",1249,1124,"http://harbingerfitnessindia.com//7506secure/upload/81x100/thumb_81x100_134511ed01258a4d119f5402659547ac.jpg,http://harbingerfitnessindia.com//7506secure/upload/81x100/thumb_81x100_5dee1a60ec5de9e6e5a5b28f4fc43371.jpg,http://harbingerfitnessindia.com//7506secure/upload/81x100/thumb_81x100_5587a4a82a057fd550edab07f46e54dd.jpg,http://harbingerfitnessindia.com//7506secure/upload/81x100/thumb_81x100_1bb189a5080180a963dcf50170b1f32c.jpg,http://harbingerfitnessindia.com//7506secure/upload/81x100/thumb_81x100_2b258d3122451632e4efc9a52ad5fe80.jpg,http://harbingerfitnessindia.com//7506secure/upload/81x100/thumb_81x100_ae53959dfd74252b1adbceb0cc458363.jpg",http://harbingerfitnessindia.com//7506secure/upload/155x195/thumb_155x195_134511ed01258a4d119f5402659547ac.jpg,"
	Pro Wash & Dry"
Fitness Gloves ,"
	Fully adjustable graduated fabric WristWrap provides maximum support and flexibility,
	Double leather palm protects hand and maintains feel on bar,
	Open cell foam cushions palm and fingers,
	½ finger length increases contact with grip,
	Wrap-around thumb protection,
	Double stitching enhances durability",1499,1349,"http://harbingerfitnessindia.com//7506secure/upload/81x100/thumb_81x100_68c5a68aedf4a4488a6c0891beff3574.jpg,http://harbingerfitnessindia.com//7506secure/upload/81x100/thumb_81x100_30b77f5c7a9d06046d7f283fa71edbf9.jpg,http://harbingerfitnessindia.com//7506secure/upload/81x100/thumb_81x100_e9a2ec9fb6e7e49328f0e9954d83bf1f.jpg",http://harbingerfitnessindia.com//7506secure/upload/155x195/thumb_155x195_68c5a68aedf4a4488a6c0891beff3574.jpg,"
	Pro WristWrap"
Fitness Gloves ,"
	Fully adjustable graduated leather WristWrap provides maximum support and flexibility,
	Close Contact™ palm minimizes bulk, with strong feel on the bar,
	Machine washable and dryable leather,
	½ finger length increases contact with grip surface,
	NoSweat™ lining wicks away moisture to keep hands dry,
	Wrap-around thumb protection,
	Double stitched for enhanced durability,
	Double leather pull patch",1949,1754,"http://harbingerfitnessindia.com//7506secure/upload/81x100/thumb_81x100_876cdf225d923b675371485d955a30be.jpg,http://harbingerfitnessindia.com//7506secure/upload/81x100/thumb_81x100_7e708c799835268284c44c3c1777bfa8.jpg",http://harbingerfitnessindia.com//7506secure/upload/155x195/thumb_155x195_876cdf225d923b675371485d955a30be.jpg,"
	Classic WristWrap"
Fitness Gloves ,"
	TriFlex™ palm mimics natural motion of the hand with three integrated layers that flex with grip,
	Machine washable and dryable leather,
	Precurved ¾ finger length extends just below third finger joint,
	Close Contact™ palm provides strong feel on the bar,
	Fully adjustable Dual Closure System™",2199,1979,"http://harbingerfitnessindia.com//7506secure/upload/81x100/thumb_81x100_d43537d6d0827908820df59afa4cbee5.jpg,http://harbingerfitnessindia.com//7506secure/upload/81x100/thumb_81x100_fe7abccd03a3ff4c418ee40a2c9d87ae.jpg,http://harbingerfitnessindia.com//7506secure/upload/81x100/thumb_81x100_809aa9cff76afb89e0dbb37b9ebde71d.jpg",http://harbingerfitnessindia.com//7506secure/upload/155x195/thumb_155x195_d43537d6d0827908820df59afa4cbee5.jpg,"
	Flex Fit Classic Non WristWrap"
Fitness Gloves ,"
	Fully adjustable graduated WristWrap provides maximum support and flexibility,
	TriFlex™ palm mimics natural motion of the hand with three integrated layers that flex with grip,
	Machine washable and dryable leather,
	Precurved ¾ finger length extends just below third finger joint,
	Close Contact™ palm provides strong feel on the bar,
	fitlock pretensioned palm ensures wrinkle-free contact on grip surface",2899,269,"http://harbingerfitnessindia.com//7506secure/upload/81x100/thumb_81x100_32bd4da01fe5ac3f7f1679ab49d9b56d.jpg,http://harbingerfitnessindia.com//7506secure/upload/81x100/thumb_81x100_0882a3e9895d6b1fd0f38616e903bb97.jpg,http://harbingerfitnessindia.com//7506secure/upload/81x100/thumb_81x100_30e61bee73ca50bc196736cf33a7f995.jpg",http://harbingerfitnessindia.com//7506secure/upload/155x195/thumb_155x195_32bd4da01fe5ac3f7f1679ab49d9b56d.jpg,"
	Flex Fit Classic WristWrap"
Fitness Gloves ,,1199,179,"http://harbingerfitnessindia.com//7506secure/upload/81x100/thumb_81x100_3cd35275fae421e2029bd6a32138226d.jpg,http://harbingerfitnessindia.com//7506secure/upload/81x100/thumb_81x100_547f468d345f50690f81aec92cba9e5e.jpg",http://harbingerfitnessindia.com//7506secure/upload/155x195/thumb_155x195_3cd35275fae421e2029bd6a32138226d.jpg,"
	Womens Flexfit Wash & Dry"
Fitness Gloves ,"
	BiFlex™ palm with integrated layers that flex naturally with hand,
	TechGel™ pads conform to palm and thumb, cushioning key stress points,
	Machine washable and dryable leather ½ finger length increases contact with grip surface,
	Leather palm pads protect hands and enhance glove durability,
	Fully adjustable wrist closure",1349,1214,"http://harbingerfitnessindia.com//7506secure/upload/81x100/thumb_81x100_edd8803429dc35a897a55a0afe261575.jpg,http://harbingerfitnessindia.com//7506secure/upload/81x100/thumb_81x100_fdbed41c9af6dd916f02d8f3c4580b7a.jpg,http://harbingerfitnessindia.com//7506secure/upload/81x100/thumb_81x100_11c8f356677a2af90074d3646ecc2946.jpg",http://harbingerfitnessindia.com//7506secure/upload/155x195/thumb_155x195_edd8803429dc35a897a55a0afe261575.jpg,"
	Mens Flexfit Wash & Dry"
Fitness Gloves ,"
	DYNAMIC COMFORT Precurved extended length positions and protects fingers. SPIDERGRIP™ CONTROL Exclusive tactified leather palm grabs bar for ultimate grip control and power CLOSE CONTACT: BIOFLEX™ All leather, maximum grip on bar…Patent-pending moving palm is next generation glove technology FORM FIT Exclusive Dual Closure System™ customizes fit and smoothes palm PEAK PERFORMANCE: BIOFLEX™ Patent-pending layered palm design eliminates bulk and enhances comfort. Acts like a second skin, moving with grip so you can lift stronger, better, longer.",2299,269,"http://harbingerfitnessindia.com//7506secure/upload/81x100/thumb_81x100_cfa658ea080d1a9f3b9c306f666c9386.jpg,http://harbingerfitnessindia.com//7506secure/upload/81x100/thumb_81x100_122a2d6ef32230a0dd79cf08eebed0ff.jpg",http://harbingerfitnessindia.com//7506secure/upload/155x195/thumb_155x195_cfa658ea080d1a9f3b9c306f666c9386.jpg,"
	Bioflex (NEW)"
Fitness Gloves ,"
	DYNAMIC COMFORT Precurved extended length positions and protects fingers. SPIDERGRIP™ CONTROL Exclusive tactified leather palm grabs bar for ultimate grip control and power CLOSE CONTACT: BIOFLEX™ All leather, maximum grip on bar…Patent-pending moving palm is next generation glove technology FITLOCK™ WRISTWRAP Fully adjustable wrist support and smooth palm system PEAK PERFORMANCE: BIOFLEX™ Patent-pending layered palm design eliminates bulk and enhances comfort. Acts like a second skin, moving with grip so you can lift stronger, better, longer.",2999,2699,"http://harbingerfitnessindia.com//7506secure/upload/81x100/thumb_81x100_cbc29faff2b48906048b349df536ad02.jpg,http://harbingerfitnessindia.com//7506secure/upload/81x100/thumb_81x100_0cd1437468c0de4698ad90e546a4b424.jpg,http://harbingerfitnessindia.com//7506secure/upload/81x100/thumb_81x100_b629afe4fdc4eb8dc8da6204183ee620.jpg,http://harbingerfitnessindia.com//7506secure/upload/81x100/thumb_81x100_2e0ab5a3d4df5a6c6f777d7452dfc05b.jpg",http://harbingerfitnessindia.com//7506secure/upload/155x195/thumb_155x195_cbc29faff2b48906048b349df536ad02.jpg,"
	Bioflex Wristwrap (NEW)"
Fitness Gloves ,"
	11 SqueezeGrip™ pads conform to the shape of the hand and bar, cushioning stress points and maximizing control over grip TriFlex™ palm mimics natural motion of the hand with three integrated layers that flex with grip Precurved ¾ finger length extends just below third finger joint Leather palm pad enhances comfort, durability and fit Fully adjustable Dual Closure System™",2599,2339,"http://harbingerfitnessindia.com//7506secure/upload/81x100/thumb_81x100_932b5da75c269ded41fe13b08736266f.jpg,http://harbingerfitnessindia.com//7506secure/upload/81x100/thumb_81x100_6db1b1ab5efffef1861bc78f1b16b5ec.jpg,http://harbingerfitnessindia.com//7506secure/upload/81x100/thumb_81x100_54057f550208aa04fdae145797fcb1aa.jpg",http://harbingerfitnessindia.com//7506secure/upload/155x195/thumb_155x195_932b5da75c269ded41fe13b08736266f.jpg,"
	Flex Fit Ultra Non WristWra"
Fitness Gloves ,"
	Fully adjustable graduated WristWrap provides maximum support and flexibility 11 SqueezeGrip™ pads conform to the shape of the hand and bar, cushioning stress points and maximizing control over grip TriFlex™ palm mimics natural motion of the hand with three integrated layers that flex with grip Precurved ¾ finger length extends just below third finger joint Leather palm pad enhances comfort, durability and fit",2499,2249,"http://harbingerfitnessindia.com//7506secure/upload/81x100/thumb_81x100_9218642b4690c55c3ac7eba377efa132.jpg,http://harbingerfitnessindia.com//7506secure/upload/81x100/thumb_81x100_d5cd51a54bbe173b548adf6f224623b6.jpg,http://harbingerfitnessindia.com//7506secure/upload/81x100/thumb_81x100_155666d154e853370d677fe39cc7e301.jpg",http://harbingerfitnessindia.com//7506secure/upload/155x195/thumb_155x195_9218642b4690c55c3ac7eba377efa132.jpg,"
	Flex Fit Ultra WristWrap "
Fitness Gloves ,"
	Comfort Tech™ layered fabric maintains shape after use and washing,
	NoSweat™ lining wicks away moisture to keep hands dry,
	TechGel™ pads conform to palm and thumb, cushioning key stress points,
	Precurved ¾ finger length extends just below third finger joint,
	Fully adjustable wrist closure",1949,1754,"http://harbingerfitnessindia.com//7506secure/upload/81x100/thumb_81x100_9d0aa97c06485add5f47c5886a81bc73.jpg,http://harbingerfitnessindia.com//7506secure/upload/81x100/thumb_81x100_b3280d9cceb162403e110ae08a436826.jpg,http://harbingerfitnessindia.com//7506secure/upload/81x100/thumb_81x100_33136b862cde39e2185720017a9eed0a.jpg",http://harbingerfitnessindia.com//7506secure/upload/155x195/thumb_155x195_9d0aa97c06485add5f47c5886a81bc73.jpg,"
	Mens Training Grip"
Fitness Gloves ,"
	Designed specifically for women Fully adjustable graduated WristWrap provides a customized fit with maximum support and flexibility Comfort Tech™ layered fabric maintains shape after use and washing TechGel™ pads conform to palm and thumb, cushioning key stress points NoSweat™ lining wicks away moisture to keep hands dry Precurved ¾ finger length extends just below third finger joint",1699,1529,,http://harbingerfitnessindia.com//7506secure/upload/155x195/thumb_155x195_d1d2fea649eb7aa65875e13c97a9ee33.jpg,"
	Womens Training Grip Wristwrap"
Fitness Gloves ,"
	Fully adjustable graduated WristWrap provides maximum support and flexibility,
	Comfort Tech™ layered fabric maintains shape after use and washing,
	TechGel™ pads conform to palm and thumb, cushioning key stress points,
	NoSweat™ lining wicks away moisture to keep hands dry,
	Precurved ¾ finger length extends just below third finger joint",2299,269,"http://harbingerfitnessindia.com//7506secure/upload/81x100/thumb_81x100_7d35d689b6b06d53a9efa40bf18bc490.jpg,http://harbingerfitnessindia.com//7506secure/upload/81x100/thumb_81x100_0ebfc080bc521a4337efca9efc32df20.jpg,http://harbingerfitnessindia.com//7506secure/upload/81x100/thumb_81x100_a21fa2933f266c97d514b770614bed06.jpg",http://harbingerfitnessindia.com//7506secure/upload/155x195/thumb_155x195_7d35d689b6b06d53a9efa40bf18bc490.jpg,"
	Mens Training Grip Wristwrap"
Fitness Gloves ,"
	1-Patented palm design,
	2-“No-Slip”  “Dura-GripTM” rubber pads on the palm and,
	 fingers grab the bar providing increased traction,
	 cushioning and durability,
	3-Fully adjustable wrist closure customizes fit,
	Innovative curved finger design fits the natural shape,
	of the hand,
	4-Exclusive machine wash & air dry “Comfort Tech”,
	leathers and fabrics stay supple, comfortable and,
	last longer,
	5-NoSweatTM materials wick moisture away for,
	increased comfort",2099,1889,,http://harbingerfitnessindia.com//7506secure/upload/155x195/thumb_155x195_05a39ccfe695d0e4cb2f5c7dfc5d2b16.jpg,"
	Big Grip"
Fitness Gloves ,"
	Patented WristWrap® integrates the wrist and the palm for outstanding stability and support. The graduated, patented WristWrap® insures proper positioning of the hand and wrist helping to prevent hyperextension."" Patented palm design. No-Slip ""Dura-Grip™"" rubber pads on the palm and fingers grab the bar providing increased traction, cushioning and durability."" Ergonomic curved finger design fits the natural shape of the hand increasing flexibility and comfort. 3/4 finger length maximizes hand protection. Exclusive machine wash & air dry ""Comfort Tech™"" leathers and fabrics stay supple, comfortable and last longer. NoSweat™ materials wick moisture away for increased comfort.""",2799,2519,,http://harbingerfitnessindia.com//7506secure/upload/155x195/thumb_155x195_0733d1c9a58177393d87a5c99d1d630b.jpg,"
	Big Grip II WristWrap"
Fitness Gloves ,"
	New, revolutionary, patented WristWrap® integrates the entire hand for maximum stability and support. The graduated, patented WristWrap® insures proper positioning of the hand and wrist helping to prevent hyperextension. ""No-Slip"" ""Dura-Grip™"" rubber pads on the palm and fingers grab the bar providing increased traction, cushioning and durability. Innovative curved finger design fits the natural shape of the hand. Exclusive machine wash & air dry ""Comfort Tech"" leathers and fabrics stay supple, comfortable and last longer. NoSweat™ materials wick moisture away for increased comfort.",2399,2159,"http://harbingerfitnessindia.com//7506secure/upload/81x100/thumb_81x100_9486e3e078fc5a01f70363cc821ffde1.jpg,http://harbingerfitnessindia.com//7506secure/upload/81x100/thumb_81x100_35ac933729988ef15524fb4f904dfedf.jpg",http://harbingerfitnessindia.com//7506secure/upload/155x195/thumb_155x195_9486e3e078fc5a01f70363cc821ffde1.jpg,"
	Big Grip WristWrap"
