description,description1,URL,MRP,id,imgurl,productname
,,,,,,"/index.php?page=shop.product_details&flypage=flypage.tpl&product_id=338&category_id=117&option=com_virtuemart&Itemid=178,/index.php?page=shop.product_details&flypage=flypage.tpl&product_id=698&category_id=117&option=com_virtuemart&Itemid=178,/index.php?page=shop.product_details&flypage=flypage.tpl&product_id=339&category_id=117&option=com_virtuemart&Itemid=178,/index.php?page=shop.product_details&flypage=flypage.tpl&product_id=699&category_id=117&option=com_virtuemart&Itemid=178,/index.php?page=shop.product_details&flypage=flypage.tpl&product_id=697&category_id=117&option=com_virtuemart&Itemid=178,/index.php?page=shop.product_details&flypage=flypage.tpl&product_id=696&category_id=117&option=com_virtuemart&Itemid=178"
,,,,,,"/index.php?page=shop.product_details&flypage=flypage.tpl&product_id=496&category_id=148&option=com_virtuemart&Itemid=178,/index.php?page=shop.product_details&flypage=flypage.tpl&product_id=498&category_id=148&option=com_virtuemart&Itemid=178"
,,,,,,/index.php?page=shop.product_details&flypage=flypage.tpl&product_id=334&category_id=115&option=com_virtuemart&Itemid=178
,,,,,,/index.php?page=shop.product_details&flypage=flypage.tpl&product_id=325&category_id=110&option=com_virtuemart&Itemid=178
,,,,,,"/index.php?page=shop.product_details&flypage=flypage.tpl&product_id=333&category_id=114&option=com_virtuemart&Itemid=178,/index.php?page=shop.product_details&flypage=flypage.tpl&product_id=332&category_id=114&option=com_virtuemart&Itemid=178"
,,,,,,"/index.php?page=shop.product_details&flypage=flypage.tpl&product_id=328&category_id=111&option=com_virtuemart&Itemid=178,/index.php?page=shop.product_details&flypage=flypage.tpl&product_id=709&category_id=111&option=com_virtuemart&Itemid=178,/index.php?page=shop.product_details&flypage=flypage.tpl&product_id=327&category_id=111&option=com_virtuemart&Itemid=178,/index.php?page=shop.product_details&flypage=flypage.tpl&product_id=710&category_id=111&option=com_virtuemart&Itemid=178,/index.php?page=shop.product_details&flypage=flypage.tpl&product_id=326&category_id=111&option=com_virtuemart&Itemid=178,/index.php?page=shop.product_details&flypage=flypage.tpl&product_id=329&category_id=111&option=com_virtuemart&Itemid=178"
,,,,,,"/index.php?page=shop.product_details&flypage=flypage.tpl&product_id=337&category_id=116&option=com_virtuemart&Itemid=178,/index.php?page=shop.product_details&flypage=flypage.tpl&product_id=336&category_id=116&option=com_virtuemart&Itemid=178,/index.php?page=shop.product_details&flypage=flypage.tpl&product_id=335&category_id=116&option=com_virtuemart&Itemid=178"
,,,,,,"/index.php?page=shop.product_details&flypage=flypage.tpl&product_id=6&category_id=112&option=com_virtuemart&Itemid=178,/index.php?page=shop.product_details&flypage=flypage.tpl&product_id=243&category_id=112&option=com_virtuemart&Itemid=178,/index.php?page=shop.product_details&flypage=flypage.tpl&product_id=245&category_id=112&option=com_virtuemart&Itemid=178,/index.php?page=shop.product_details&flypage=flypage.tpl&product_id=242&category_id=112&option=com_virtuemart&Itemid=178"
,,,,,,/index.php?page=shop.product_details&flypage=flypage.tpl&product_id=380&category_id=132&option=com_virtuemart&Itemid=178
,,,,,,"/index.php?page=shop.product_details&flypage=flypage.tpl&product_id=700&category_id=168&option=com_virtuemart&Itemid=178,/index.php?page=shop.product_details&flypage=flypage.tpl&product_id=499&category_id=168&option=com_virtuemart&Itemid=178"
,,,,,,"/index.php?page=shop.product_details&flypage=flypage.tpl&product_id=323&category_id=109&option=com_virtuemart&Itemid=178,/index.php?page=shop.product_details&flypage=flypage.tpl&product_id=694&category_id=109&option=com_virtuemart&Itemid=178,/index.php?page=shop.product_details&flypage=flypage.tpl&product_id=695&category_id=109&option=com_virtuemart&Itemid=178"
,,,,,,"/index.php?page=shop.product_details&flypage=flypage.tpl&product_id=6&category_id=7&option=com_virtuemart&Itemid=178,/index.php?page=shop.product_details&flypage=flypage.tpl&product_id=243&category_id=7&option=com_virtuemart&Itemid=178,/index.php?page=shop.product_details&flypage=flypage.tpl&product_id=242&category_id=7&option=com_virtuemart&Itemid=178,/index.php?page=shop.product_details&flypage=flypage.tpl&product_id=245&category_id=7&option=com_virtuemart&Itemid=178"
,,,,,,"/index.php?page=shop.product_details&flypage=flypage.tpl&product_id=711&category_id=150&option=com_virtuemart&Itemid=178,/index.php?page=shop.product_details&flypage=flypage.tpl&product_id=504&category_id=150&option=com_virtuemart&Itemid=178,/index.php?page=shop.product_details&flypage=flypage.tpl&product_id=505&category_id=150&option=com_virtuemart&Itemid=178,/index.php?page=shop.product_details&flypage=flypage.tpl&product_id=506&category_id=150&option=com_virtuemart&Itemid=178"
,,,,,,"/index.php?page=shop.product_details&flypage=flypage.tpl&product_id=501&category_id=169&option=com_virtuemart&Itemid=178,/index.php?page=shop.product_details&flypage=flypage.tpl&product_id=502&category_id=169&option=com_virtuemart&Itemid=178,/index.php?page=shop.product_details&flypage=flypage.tpl&product_id=497&category_id=169&option=com_virtuemart&Itemid=178,/index.php?page=shop.product_details&flypage=flypage.tpl&product_id=500&category_id=169&option=com_virtuemart&Itemid=178,/index.php?page=shop.product_details&flypage=flypage.tpl&product_id=495&category_id=169&option=com_virtuemart&Itemid=178"
,,,,,,"/index.php?page=shop.product_details&flypage=flypage.tpl&product_id=313&category_id=106&option=com_virtuemart&Itemid=178,/index.php?page=shop.product_details&flypage=flypage.tpl&product_id=314&category_id=106&option=com_virtuemart&Itemid=178,/index.php?page=shop.product_details&flypage=flypage.tpl&product_id=315&category_id=106&option=com_virtuemart&Itemid=178,/index.php?page=shop.product_details&flypage=flypage.tpl&product_id=316&category_id=106&option=com_virtuemart&Itemid=178,/index.php?page=shop.product_details&flypage=flypage.tpl&product_id=319&category_id=106&option=com_virtuemart&Itemid=178,/index.php?page=shop.product_details&flypage=flypage.tpl&product_id=320&category_id=106&option=com_virtuemart&Itemid=178,/index.php?page=shop.product_details&flypage=flypage.tpl&product_id=317&category_id=106&option=com_virtuemart&Itemid=178,/index.php?page=shop.product_details&flypage=flypage.tpl&product_id=318&category_id=106&option=com_virtuemart&Itemid=178"
,,,,,,"/index.php?page=shop.product_details&flypage=flypage.tpl&product_id=750&category_id=2&option=com_virtuemart&Itemid=178,/index.php?page=shop.product_details&flypage=flypage.tpl&product_id=751&category_id=2&option=com_virtuemart&Itemid=178,/index.php?page=shop.product_details&flypage=flypage.tpl&product_id=389&category_id=2&option=com_virtuemart&Itemid=178,/index.php?page=shop.product_details&flypage=flypage.tpl&product_id=752&category_id=2&option=com_virtuemart&Itemid=178,/index.php?page=shop.product_details&flypage=flypage.tpl&product_id=618&category_id=2&option=com_virtuemart&Itemid=178,/index.php?page=shop.product_details&flypage=flypage.tpl&product_id=219&category_id=2&option=com_virtuemart&Itemid=178,/index.php?page=shop.product_details&flypage=flypage.tpl&product_id=217&category_id=2&option=com_virtuemart&Itemid=178,/index.php?page=shop.product_details&flypage=flypage.tpl&product_id=220&category_id=2&option=com_virtuemart&Itemid=178,/index.php?page=shop.product_details&flypage=flypage.tpl&product_id=216&category_id=2&option=com_virtuemart&Itemid=178,/index.php?page=shop.product_details&flypage=flypage.tpl&product_id=364&category_id=2&option=com_virtuemart&Itemid=178,/index.php?page=shop.product_details&flypage=flypage.tpl&product_id=222&category_id=2&option=com_virtuemart&Itemid=178,/index.php?page=shop.product_details&flypage=flypage.tpl&product_id=33&category_id=2&option=com_virtuemart&Itemid=178,/index.php?page=shop.product_details&flypage=flypage.tpl&product_id=223&category_id=2&option=com_virtuemart&Itemid=178,/index.php?page=shop.product_details&flypage=flypage.tpl&product_id=312&category_id=2&option=com_virtuemart&Itemid=178,/index.php?page=shop.product_details&flypage=flypage.tpl&product_id=218&category_id=2&option=com_virtuemart&Itemid=178,/index.php?page=shop.product_details&flypage=flypage.tpl&product_id=215&category_id=2&option=com_virtuemart&Itemid=178"
,,,,,,/index.php?page=shop.product_details&flypage=flypage.tpl&product_id=380&category_id=133&option=com_virtuemart&Itemid=178
,,,,,,"/index.php?page=shop.product_details&flypage=flypage.tpl&product_id=749&category_id=144&option=com_virtuemart&Itemid=178,/index.php?page=shop.product_details&flypage=flypage.tpl&product_id=748&category_id=144&option=com_virtuemart&Itemid=178,/index.php?page=shop.product_details&flypage=flypage.tpl&product_id=747&category_id=144&option=com_virtuemart&Itemid=178,/index.php?page=shop.product_details&flypage=flypage.tpl&product_id=405&category_id=144&option=com_virtuemart&Itemid=178,/index.php?page=shop.product_details&flypage=flypage.tpl&product_id=390&category_id=144&option=com_virtuemart&Itemid=178,/index.php?page=shop.product_details&flypage=flypage.tpl&product_id=394&category_id=144&option=com_virtuemart&Itemid=178,/index.php?page=shop.product_details&flypage=flypage.tpl&product_id=508&category_id=144&option=com_virtuemart&Itemid=178,/index.php?page=shop.product_details&flypage=flypage.tpl&product_id=574&category_id=144&option=com_virtuemart&Itemid=178,/index.php?page=shop.product_details&flypage=flypage.tpl&product_id=397&category_id=144&option=com_virtuemart&Itemid=178,/index.php?page=shop.product_details&flypage=flypage.tpl&product_id=396&category_id=144&option=com_virtuemart&Itemid=178,/index.php?page=shop.product_details&flypage=flypage.tpl&product_id=395&category_id=144&option=com_virtuemart&Itemid=178,/index.php?page=shop.product_details&flypage=flypage.tpl&product_id=399&category_id=144&option=com_virtuemart&Itemid=178,/index.php?page=shop.product_details&flypage=flypage.tpl&product_id=707&category_id=144&option=com_virtuemart&Itemid=178,/index.php?page=shop.product_details&flypage=flypage.tpl&product_id=392&category_id=144&option=com_virtuemart&Itemid=178"
,,,,,,"/index.php?page=shop.product_details&flypage=flypage.tpl&product_id=720&category_id=130&option=com_virtuemart&Itemid=178,/index.php?page=shop.product_details&flypage=flypage.tpl&product_id=722&category_id=130&option=com_virtuemart&Itemid=178,/index.php?page=shop.product_details&flypage=flypage.tpl&product_id=717&category_id=130&option=com_virtuemart&Itemid=178,/index.php?page=shop.product_details&flypage=flypage.tpl&product_id=721&category_id=130&option=com_virtuemart&Itemid=178,/index.php?page=shop.product_details&flypage=flypage.tpl&product_id=368&category_id=130&option=com_virtuemart&Itemid=178,/index.php?page=shop.product_details&flypage=flypage.tpl&product_id=369&category_id=130&option=com_virtuemart&Itemid=178,/index.php?page=shop.product_details&flypage=flypage.tpl&product_id=370&category_id=130&option=com_virtuemart&Itemid=178,/index.php?page=shop.product_details&flypage=flypage.tpl&product_id=371&category_id=130&option=com_virtuemart&Itemid=178,/index.php?page=shop.product_details&flypage=flypage.tpl&product_id=719&category_id=130&option=com_virtuemart&Itemid=178,/index.php?page=shop.product_details&flypage=flypage.tpl&product_id=365&category_id=130&option=com_virtuemart&Itemid=178,/index.php?page=shop.product_details&flypage=flypage.tpl&product_id=366&category_id=130&option=com_virtuemart&Itemid=178,/index.php?page=shop.product_details&flypage=flypage.tpl&product_id=367&category_id=130&option=com_virtuemart&Itemid=178,/index.php?page=shop.product_details&flypage=flypage.tpl&product_id=686&category_id=130&option=com_virtuemart&Itemid=178"
,,,,,,"/index.php?page=shop.product_details&flypage=flypage.tpl&product_id=343&category_id=119&option=com_virtuemart&Itemid=178,/index.php?page=shop.product_details&flypage=flypage.tpl&product_id=344&category_id=119&option=com_virtuemart&Itemid=178,/index.php?page=shop.product_details&flypage=flypage.tpl&product_id=345&category_id=119&option=com_virtuemart&Itemid=178,/index.php?page=shop.product_details&flypage=flypage.tpl&product_id=346&category_id=119&option=com_virtuemart&Itemid=178,/index.php?page=shop.product_details&flypage=flypage.tpl&product_id=347&category_id=119&option=com_virtuemart&Itemid=178,/index.php?page=shop.product_details&flypage=flypage.tpl&product_id=348&category_id=119&option=com_virtuemart&Itemid=178,/index.php?page=shop.product_details&flypage=flypage.tpl&product_id=349&category_id=119&option=com_virtuemart&Itemid=178,/index.php?page=shop.product_details&flypage=flypage.tpl&product_id=350&category_id=119&option=com_virtuemart&Itemid=178"
,,,,,,"/index.php?page=shop.product_details&flypage=flypage.tpl&product_id=720&category_id=130&option=com_virtuemart&Itemid=178,/index.php?page=shop.product_details&flypage=flypage.tpl&product_id=717&category_id=130&option=com_virtuemart&Itemid=178,/index.php?page=shop.product_details&flypage=flypage.tpl&product_id=722&category_id=130&option=com_virtuemart&Itemid=178,/index.php?page=shop.product_details&flypage=flypage.tpl&product_id=721&category_id=130&option=com_virtuemart&Itemid=178,/index.php?page=shop.product_details&flypage=flypage.tpl&product_id=368&category_id=130&option=com_virtuemart&Itemid=178,/index.php?page=shop.product_details&flypage=flypage.tpl&product_id=369&category_id=130&option=com_virtuemart&Itemid=178,/index.php?page=shop.product_details&flypage=flypage.tpl&product_id=370&category_id=130&option=com_virtuemart&Itemid=178,/index.php?page=shop.product_details&flypage=flypage.tpl&product_id=371&category_id=130&option=com_virtuemart&Itemid=178,/index.php?page=shop.product_details&flypage=flypage.tpl&product_id=719&category_id=130&option=com_virtuemart&Itemid=178,/index.php?page=shop.product_details&flypage=flypage.tpl&product_id=365&category_id=130&option=com_virtuemart&Itemid=178,/index.php?page=shop.product_details&flypage=flypage.tpl&product_id=366&category_id=130&option=com_virtuemart&Itemid=178,/index.php?page=shop.product_details&flypage=flypage.tpl&product_id=367&category_id=130&option=com_virtuemart&Itemid=178,/index.php?page=shop.product_details&flypage=flypage.tpl&product_id=686&category_id=130&option=com_virtuemart&Itemid=178"
,,,,,,"/index.php?page=shop.product_details&flypage=flypage.tpl&product_id=313&category_id=121&option=com_virtuemart&Itemid=178,/index.php?page=shop.product_details&flypage=flypage.tpl&product_id=314&category_id=121&option=com_virtuemart&Itemid=178,/index.php?page=shop.product_details&flypage=flypage.tpl&product_id=315&category_id=121&option=com_virtuemart&Itemid=178,/index.php?page=shop.product_details&flypage=flypage.tpl&product_id=316&category_id=121&option=com_virtuemart&Itemid=178,/index.php?page=shop.product_details&flypage=flypage.tpl&product_id=319&category_id=121&option=com_virtuemart&Itemid=178,/index.php?page=shop.product_details&flypage=flypage.tpl&product_id=320&category_id=121&option=com_virtuemart&Itemid=178,/index.php?page=shop.product_details&flypage=flypage.tpl&product_id=317&category_id=121&option=com_virtuemart&Itemid=178,/index.php?page=shop.product_details&flypage=flypage.tpl&product_id=318&category_id=121&option=com_virtuemart&Itemid=178"
,,,,,,"/index.php?page=shop.product_details&flypage=flypage.tpl&product_id=250&category_id=107&option=com_virtuemart&Itemid=178,/index.php?page=shop.product_details&flypage=flypage.tpl&product_id=249&category_id=107&option=com_virtuemart&Itemid=178,/index.php?page=shop.product_details&flypage=flypage.tpl&product_id=256&category_id=107&option=com_virtuemart&Itemid=178,/index.php?page=shop.product_details&flypage=flypage.tpl&product_id=723&category_id=107&option=com_virtuemart&Itemid=178,/index.php?page=shop.product_details&flypage=flypage.tpl&product_id=493&category_id=107&option=com_virtuemart&Itemid=178,/index.php?page=shop.product_details&flypage=flypage.tpl&product_id=494&category_id=107&option=com_virtuemart&Itemid=178,/index.php?page=shop.product_details&flypage=flypage.tpl&product_id=490&category_id=107&option=com_virtuemart&Itemid=178,/index.php?page=shop.product_details&flypage=flypage.tpl&product_id=491&category_id=107&option=com_virtuemart&Itemid=178,/index.php?page=shop.product_details&flypage=flypage.tpl&product_id=492&category_id=107&option=com_virtuemart&Itemid=178,/index.php?page=shop.product_details&flypage=flypage.tpl&product_id=728&category_id=107&option=com_virtuemart&Itemid=178,/index.php?page=shop.product_details&flypage=flypage.tpl&product_id=735&category_id=107&option=com_virtuemart&Itemid=178,/index.php?page=shop.product_details&flypage=flypage.tpl&product_id=736&category_id=107&option=com_virtuemart&Itemid=178,/index.php?page=shop.product_details&flypage=flypage.tpl&product_id=737&category_id=107&option=com_virtuemart&Itemid=178,/index.php?page=shop.product_details&flypage=flypage.tpl&product_id=732&category_id=107&option=com_virtuemart&Itemid=178,/index.php?page=shop.product_details&flypage=flypage.tpl&product_id=733&category_id=107&option=com_virtuemart&Itemid=178,/index.php?page=shop.product_details&flypage=flypage.tpl&product_id=734&category_id=107&option=com_virtuemart&Itemid=178"
,,,,,,"/index.php?page=shop.product_details&flypage=flypage.tpl&product_id=357&category_id=123&option=com_virtuemart&Itemid=178,/index.php?page=shop.product_details&flypage=flypage.tpl&product_id=358&category_id=123&option=com_virtuemart&Itemid=178,/index.php?page=shop.product_details&flypage=flypage.tpl&product_id=359&category_id=123&option=com_virtuemart&Itemid=178,/index.php?page=shop.product_details&flypage=flypage.tpl&product_id=360&category_id=123&option=com_virtuemart&Itemid=178,/index.php?page=shop.product_details&flypage=flypage.tpl&product_id=361&category_id=123&option=com_virtuemart&Itemid=178,/index.php?page=shop.product_details&flypage=flypage.tpl&product_id=362&category_id=123&option=com_virtuemart&Itemid=178,/index.php?page=shop.product_details&flypage=flypage.tpl&product_id=363&category_id=123&option=com_virtuemart&Itemid=178"
,,,,,,
,,,,,,"/index.php?page=shop.product_details&flypage=flypage.tpl&product_id=768&category_id=163&option=com_virtuemart&Itemid=178,/index.php?page=shop.product_details&flypage=flypage.tpl&product_id=731&category_id=163&option=com_virtuemart&Itemid=178,/index.php?page=shop.product_details&flypage=flypage.tpl&product_id=769&category_id=163&option=com_virtuemart&Itemid=178,/index.php?page=shop.product_details&flypage=flypage.tpl&product_id=741&category_id=163&option=com_virtuemart&Itemid=178,/index.php?page=shop.product_details&flypage=flypage.tpl&product_id=742&category_id=163&option=com_virtuemart&Itemid=178,/index.php?page=shop.product_details&flypage=flypage.tpl&product_id=743&category_id=163&option=com_virtuemart&Itemid=178,/index.php?page=shop.product_details&flypage=flypage.tpl&product_id=744&category_id=163&option=com_virtuemart&Itemid=178,/index.php?page=shop.product_details&flypage=flypage.tpl&product_id=745&category_id=163&option=com_virtuemart&Itemid=178,/index.php?page=shop.product_details&flypage=flypage.tpl&product_id=746&category_id=163&option=com_virtuemart&Itemid=178,/index.php?page=shop.product_details&flypage=flypage.tpl&product_id=740&category_id=163&option=com_virtuemart&Itemid=178,/index.php?page=shop.product_details&flypage=flypage.tpl&product_id=758&category_id=163&option=com_virtuemart&Itemid=178,/index.php?page=shop.product_details&flypage=flypage.tpl&product_id=757&category_id=163&option=com_virtuemart&Itemid=178,/index.php?page=shop.product_details&flypage=flypage.tpl&product_id=753&category_id=163&option=com_virtuemart&Itemid=178,/index.php?page=shop.product_details&flypage=flypage.tpl&product_id=754&category_id=163&option=com_virtuemart&Itemid=178,/index.php?page=shop.product_details&flypage=flypage.tpl&product_id=767&category_id=163&option=com_virtuemart&Itemid=178,/index.php?page=shop.product_details&flypage=flypage.tpl&product_id=765&category_id=163&option=com_virtuemart&Itemid=178,/index.php?page=shop.product_details&flypage=flypage.tpl&product_id=764&category_id=163&option=com_virtuemart&Itemid=178,/index.php?page=shop.product_details&flypage=flypage.tpl&product_id=755&category_id=163&option=com_virtuemart&Itemid=178,/index.php?page=shop.product_details&flypage=flypage.tpl&product_id=756&category_id=163&option=com_virtuemart&Itemid=178,/index.php?page=shop.product_details&flypage=flypage.tpl&product_id=766&category_id=163&option=com_virtuemart&Itemid=178,/index.php?page=shop.product_details&flypage=flypage.tpl&product_id=759&category_id=163&option=com_virtuemart&Itemid=178,/index.php?page=shop.product_details&flypage=flypage.tpl&product_id=762&category_id=163&option=com_virtuemart&Itemid=178,/index.php?page=shop.product_details&flypage=flypage.tpl&product_id=761&category_id=163&option=com_virtuemart&Itemid=178,/index.php?page=shop.product_details&flypage=flypage.tpl&product_id=760&category_id=163&option=com_virtuemart&Itemid=178,/index.php?page=shop.product_details&flypage=flypage.tpl&product_id=763&category_id=163&option=com_virtuemart&Itemid=178"
,,,,,,"/index.php?page=shop.product_details&flypage=flypage.tpl&product_id=489&category_id=58&option=com_virtuemart&Itemid=178,/index.php?page=shop.product_details&flypage=flypage.tpl&product_id=92&category_id=58&option=com_virtuemart&Itemid=178,/index.php?page=shop.product_details&flypage=flypage.tpl&product_id=91&category_id=58&option=com_virtuemart&Itemid=178,/index.php?page=shop.product_details&flypage=flypage.tpl&product_id=87&category_id=58&option=com_virtuemart&Itemid=178,/index.php?page=shop.product_details&flypage=flypage.tpl&product_id=90&category_id=58&option=com_virtuemart&Itemid=178,/index.php?page=shop.product_details&flypage=flypage.tpl&product_id=83&category_id=58&option=com_virtuemart&Itemid=178,/index.php?page=shop.product_details&flypage=flypage.tpl&product_id=88&category_id=58&option=com_virtuemart&Itemid=178,/index.php?page=shop.product_details&flypage=flypage.tpl&product_id=86&category_id=58&option=com_virtuemart&Itemid=178,/index.php?page=shop.product_details&flypage=flypage.tpl&product_id=85&category_id=58&option=com_virtuemart&Itemid=178,/index.php?page=shop.product_details&flypage=flypage.tpl&product_id=89&category_id=58&option=com_virtuemart&Itemid=178,/index.php?page=shop.product_details&flypage=flypage.tpl&product_id=84&category_id=58&option=com_virtuemart&Itemid=178"
,,,,,,
,,,,,,"/index.php?page=shop.product_details&flypage=flypage.tpl&product_id=181&category_id=61&option=com_virtuemart&Itemid=178,/index.php?page=shop.product_details&flypage=flypage.tpl&product_id=182&category_id=61&option=com_virtuemart&Itemid=178,/index.php?page=shop.product_details&flypage=flypage.tpl&product_id=189&category_id=61&option=com_virtuemart&Itemid=178,/index.php?page=shop.product_details&flypage=flypage.tpl&product_id=190&category_id=61&option=com_virtuemart&Itemid=178,/index.php?page=shop.product_details&flypage=flypage.tpl&product_id=191&category_id=61&option=com_virtuemart&Itemid=178,/index.php?page=shop.product_details&flypage=flypage.tpl&product_id=192&category_id=61&option=com_virtuemart&Itemid=178,/index.php?page=shop.product_details&flypage=flypage.tpl&product_id=183&category_id=61&option=com_virtuemart&Itemid=178,/index.php?page=shop.product_details&flypage=flypage.tpl&product_id=184&category_id=61&option=com_virtuemart&Itemid=178,/index.php?page=shop.product_details&flypage=flypage.tpl&product_id=179&category_id=61&option=com_virtuemart&Itemid=178,/index.php?page=shop.product_details&flypage=flypage.tpl&product_id=180&category_id=61&option=com_virtuemart&Itemid=178,/index.php?page=shop.product_details&flypage=flypage.tpl&product_id=187&category_id=61&option=com_virtuemart&Itemid=178,/index.php?page=shop.product_details&flypage=flypage.tpl&product_id=188&category_id=61&option=com_virtuemart&Itemid=178,/index.php?page=shop.product_details&flypage=flypage.tpl&product_id=185&category_id=61&option=com_virtuemart&Itemid=178,/index.php?page=shop.product_details&flypage=flypage.tpl&product_id=186&category_id=61&option=com_virtuemart&Itemid=178,/index.php?page=shop.product_details&flypage=flypage.tpl&product_id=193&category_id=61&option=com_virtuemart&Itemid=178,/index.php?page=shop.product_details&flypage=flypage.tpl&product_id=194&category_id=61&option=com_virtuemart&Itemid=178"
,,,,,,
,,,,,,"/index.php?page=shop.product_details&flypage=flypage.tpl&product_id=199&category_id=129&option=com_virtuemart&Itemid=178,/index.php?page=shop.product_details&flypage=flypage.tpl&product_id=198&category_id=129&option=com_virtuemart&Itemid=178,/index.php?page=shop.product_details&flypage=flypage.tpl&product_id=196&category_id=129&option=com_virtuemart&Itemid=178,/index.php?page=shop.product_details&flypage=flypage.tpl&product_id=197&category_id=129&option=com_virtuemart&Itemid=178,/index.php?page=shop.product_details&flypage=flypage.tpl&product_id=200&category_id=129&option=com_virtuemart&Itemid=178,/index.php?page=shop.product_details&flypage=flypage.tpl&product_id=195&category_id=129&option=com_virtuemart&Itemid=178"
,,,,,,
,,,,,,
